id,station_name,line_name,station_type,lat,lng,source
S112,4.19민주묘지,우이신설선,urban_rail,37.64954,127.01371,KRIC_전체_도시철도역사정보_20260228
1907,가능,경원선,urban_rail,37.748362,127.044251,KRIC_전체_도시철도역사정보_20260228
0350|0817,가락시장,3호선·8호선,urban_rail,37.492318,127.1177,KRIC_전체_도시철도역사정보_20260228
1702,가산디지털단지,경부선,urban_rail,37.481568,126.882628,KRIC_전체_도시철도역사정보_20260228
0746,가산디지털단지,7호선,urban_rail,37.480376,126.882704,KRIC_전체_도시철도역사정보_20260228
0221,가야,부산 도시철도 2호선,urban_rail,35.15589,129.04283,KRIC_전체_도시철도역사정보_20260228
0021,가야대,부산김해경전철,urban_rail,35.26672721,128.8650703,KRIC_전체_도시철도역사정보_20260228
4107,가양,서울 도시철도 9호선,urban_rail,37.561111,126.855078,KRIC_전체_도시철도역사정보_20260228
S113,가오리,우이신설선,urban_rail,37.64162,127.01681,KRIC_전체_도시철도역사정보_20260228
3216,가재울,인천지하철 2호선,urban_rail,37.484152,126.683883,KRIC_전체_도시철도역사정보_20260228
3211,가정(루원시티),인천지하철 2호선,urban_rail,37.524805,126.675387,KRIC_전체_도시철도역사정보_20260228
3212,가정중앙시장,인천지하철 2호선,urban_rail,37.517511,126.676784,KRIC_전체_도시철도역사정보_20260228
1265,가좌,경의중앙선,urban_rail,37.568611,126.914841,KRIC_전체_도시철도역사정보_20260228
1851,가천대,분당선,urban_rail,37.448784,127.126677,KRIC_전체_도시철도역사정보_20260228
1323,가평,경춘선,urban_rail,37.814515,127.510693,KRIC_전체_도시철도역사정보_20260228
0145,각산,대구 도시철도 1호선,urban_rail,35.867852,128.723843,KRIC_전체_도시철도역사정보_20260228
1816,간석,경인선,urban_rail,37.464689,126.693408,KRIC_전체_도시철도역사정보_20260228
3123,간석오거리,인천지하철 1호선,urban_rail,37.466921,126.707861,KRIC_전체_도시철도역사정보_20260228
0113,갈마,대전 도시철도 1호선,urban_rail,36.357522,127.372632,KRIC_전체_도시철도역사정보_20260228
1312,갈매,경춘선,urban_rail,37.634135,127.114803,KRIC_전체_도시철도역사정보_20260228
3117,갈산,인천지하철 1호선,urban_rail,37.517124,126.721566,KRIC_전체_도시철도역사정보_20260228
0225,감삼,대구 도시철도 2호선,urban_rail,35.8543251,128.547905,KRIC_전체_도시철도역사정보_20260228
0226,감전,부산 도시철도 2호선,urban_rail,35.15553,128.99114,KRIC_전체_도시철도역사정보_20260228
0115,갑천,대전 도시철도 1호선,urban_rail,36.354578,127.354467,KRIC_전체_도시철도역사정보_20260228
0222,강남,2호선,urban_rail,37.49805,127.02795,KRIC_전체_도시철도역사정보_20260228
D007,강남,신분당선,urban_rail,37.49738544,127.0278789,KRIC_전체_도시철도역사정보_20260228
0730,강남구청,7호선,urban_rail,37.517185,127.04122,KRIC_전체_도시철도역사정보_20260228
1849,강남구청,분당선,urban_rail,37.516572,127.041575,KRIC_전체_도시철도역사정보_20260228
Y111,강남대,에버라인,urban_rail,37.27017073,127.1260669,KRIC_전체_도시철도역사정보_20260228
0548,강동,5호선,urban_rail,37.53581,127.13249,KRIC_전체_도시철도역사정보_20260228
0812,강동구청,8호선,urban_rail,37.530348,127.120461,KRIC_전체_도시철도역사정보_20260228
1269,강매,경의중앙선,urban_rail,37.612396,126.844537,KRIC_전체_도시철도역사정보_20260228
0214,강변(동서울터미널),2호선,urban_rail,37.535161,127.094684,KRIC_전체_도시철도역사정보_20260228
0315,강서구청,부산 도시철도 3호선,urban_rail,35.21125,128.98175,KRIC_전체_도시철도역사정보_20260228
0554,강일,5호선,urban_rail,37.557521,127.176018,KRIC_전체_도시철도역사정보_20260228
0219,강창,대구 도시철도 2호선,urban_rail,35.8531116,128.4789997,KRIC_전체_도시철도역사정보_20260228
1326,강촌,경춘선,urban_rail,37.805728,127.634054,KRIC_전체_도시철도역사정보_20260228
0223,개금,부산 도시철도 2호선,urban_rail,35.15325,129.02056,KRIC_전체_도시철도역사정보_20260228
P553,개롱,5호선,urban_rail,37.498097,127.134817,KRIC_전체_도시철도역사정보_20260228
1801,개봉,경인선,urban_rail,37.494698,126.858504,KRIC_전체_도시철도역사정보_20260228
8022,개운포,동해선,urban_rail,35.507884,129.321097,KRIC_전체_도시철도역사정보_20260228
1027,개포동,분당선,urban_rail,37.489112,127.066027,KRIC_전체_도시철도역사정보_20260228
4101,개화,서울 도시철도 9호선,urban_rail,37.578591,126.797833,KRIC_전체_도시철도역사정보_20260228
0511,개화산,5호선,urban_rail,37.572458,126.806838,KRIC_전체_도시철도역사정보_20260228
P554,거여,5호선,urban_rail,37.493208,127.143983,KRIC_전체_도시철도역사정보_20260228
0306,거제,부산 도시철도 3호선,urban_rail,35.18858,129.07394,KRIC_전체_도시철도역사정보_20260228
8003,거제,동해선,urban_rail,35.18958,129.074385,KRIC_전체_도시철도역사정보_20260228
8002,거제해맞이,동해선,urban_rail,35.181197,129.069015,KRIC_전체_도시철도역사정보_20260228
0212,건대입구,2호선,urban_rail,37.540408,127.069231,KRIC_전체_도시철도역사정보_20260228
0727,건대입구,7호선,urban_rail,37.540882,127.071103,KRIC_전체_도시철도역사정보_20260228
0332,건들바위,대구 도시철도 3호선,urban_rail,35.85538252,128.5996903,KRIC_전체_도시철도역사정보_20260228
G105,걸포북변,김포도시철도,urban_rail,37.631639,126.70575,KRIC_전체_도시철도역사정보_20260228
3203,검단사거리,인천지하철 2호선,urban_rail,37.601693,126.656545,KRIC_전체_도시철도역사정보_20260228
3201,검단오류,인천지하철 2호선,urban_rail,37.5950162,126.62801,KRIC_전체_도시철도역사정보_20260228
3107,검단호수공원,인천지하철 1호선,urban_rail,37.6025,126.688056,KRIC_전체_도시철도역사정보_20260228
3208,검바위,인천지하철 2호선,urban_rail,37.561091,126.677529,KRIC_전체_도시철도역사정보_20260228
A07,검암,인천국제공항선,urban_rail,37.56915547,126.6735357,KRIC_전체_도시철도역사정보_20260228
3207,검암,인천지하철 2호선,urban_rail,37.568611,126.675682,KRIC_전체_도시철도역사정보_20260228
1504,경기광주,경강선,urban_rail,37.398974,127.253201,KRIC_전체_도시철도역사정보_20260228
U120,경기도청북부청사,의정부,urban_rail,37.75073213,127.0714795,KRIC_전체_도시철도역사정보_20260228
0231,경대병원,대구 도시철도 2호선,urban_rail,35.863102,128.60316,KRIC_전체_도시철도역사정보_20260228
1451,경마공원,안산과천선,urban_rail,37.443987,127.007899,KRIC_전체_도시철도역사정보_20260228
0327,경복궁(정부서울청사),3호선,urban_rail,37.575844,126.973576,KRIC_전체_도시철도역사정보_20260228
7008,경산,대경선,urban_rail,35.8192,128.7276,KRIC_전체_도시철도역사정보_20260228
0212,경성대·부경대,부산 도시철도 2호선,urban_rail,35.13757,129.10055,KRIC_전체_도시철도역사정보_20260228
3115,경인교대입구,인천지하철 1호선,urban_rail,37.538272,126.722603,KRIC_전체_도시철도역사정보_20260228
U113,경전철의정부,의정부,urban_rail,37.73729974,127.043321,KRIC_전체_도시철도역사정보_20260228
0351,경찰병원,3호선,urban_rail,37.495754,127.124198,KRIC_전체_도시철도역사정보_20260228
0220,계명대,대구 도시철도 2호선,urban_rail,35.85146491,128.491969,KRIC_전체_도시철도역사정보_20260228
3114,계산,인천지하철 1호선,urban_rail,37.543243,126.728436,KRIC_전체_도시철도역사정보_20260228
A06|3110,계양,인천국제공항선·인천지하철 1호선,urban_rail,37.571769,126.736319,KRIC_전체_도시철도역사정보_20260228
0552,고덕,5호선,urban_rail,37.555002,127.154214,KRIC_전체_도시철도역사정보_20260228
0640,고려대(종암),6호선,urban_rail,37.59034,127.03626,KRIC_전체_도시철도역사정보_20260228
0239,고산,대구 도시철도 2호선,urban_rail,35.842955,128.69335,KRIC_전체_도시철도역사정보_20260228
1873,고색,수인선,urban_rail,37.249829,126.9805899,KRIC_전체_도시철도역사정보_20260228
0339|0734,고속터미널,3호선·7호선,urban_rail,37.504953,127.004916,KRIC_전체_도시철도역사정보_20260228
4123,고속터미널,서울 도시철도 9호선,urban_rail,37.505933,127.004044,KRIC_전체_도시철도역사정보_20260228
1757,고잔,수인선·안산과천선,urban_rail,37.316821,126.823094,KRIC_전체_도시철도역사정보_20260228
Y121,고진,에버라인,urban_rail,37.24463834,127.2141836,KRIC_전체_도시철도역사정보_20260228
0413,고촌,부산 경량도시철도 4호선,urban_rail,35.23603,129.1605,KRIC_전체_도시철도역사정보_20260228
G108,고촌,김포도시철도,urban_rail,37.60125,126.770361,KRIC_전체_도시철도역사정보_20260228
1272,곡산,경의중앙선·서해선,urban_rail,37.645729,126.801877,KRIC_전체_도시철도역사정보_20260228
U122,곤제,의정부,urban_rail,37.75054343,127.0838651,KRIC_전체_도시철도역사정보_20260228
1506,곤지암,경강선,urban_rail,37.350525,127.346186,KRIC_전체_도시철도역사정보_20260228
0322,공단,대구 도시철도 3호선,urban_rail,35.892,128.5536,KRIC_전체_도시철도역사정보_20260228
0529,공덕,5호선,urban_rail,37.544005,126.951058,KRIC_전체_도시철도역사정보_20260228
0626,공덕,6호선,urban_rail,37.543592,126.951664,KRIC_전체_도시철도역사정보_20260228
A02,공덕,인천국제공항선,urban_rail,37.5427105,126.9516296,KRIC_전체_도시철도역사정보_20260228
1262,공덕,경의중앙선,urban_rail,37.542711,126.952134,KRIC_전체_도시철도역사정보_20260228
0716,공릉(서울과학기술대),7호선,urban_rail,37.625642,127.072969,KRIC_전체_도시철도역사정보_20260228
115,공항,광주도시철도 1호선,urban_rail,35.144179,126.81153,KRIC_전체_도시철도역사정보_20260228
0004,공항,부산김해경전철,urban_rail,35.171906,128.948586,KRIC_전체_도시철도역사정보_20260228
4103,공항시장,서울 도시철도 9호선,urban_rail,37.563726,126.810678,KRIC_전체_도시철도역사정보_20260228
A09,공항화물청사,인천국제공항선,urban_rail,37.45902611,126.4774333,KRIC_전체_도시철도역사정보_20260228
1453,과천,안산과천선,urban_rail,37.432805,126.996404,KRIC_전체_도시철도역사정보_20260228
1705,관악,경부선,urban_rail,37.419578,126.908476,KRIC_전체_도시철도역사정보_20260228
S411,관악산,수도권 경량도시철도 신림선,urban_rail,37.46916896,126.944954837,KRIC_전체_도시철도역사정보_20260228
D019,광교(경기대),신분당선,urban_rail,37.30173474,127.0448561,KRIC_전체_도시철도역사정보_20260228
D018,광교중앙(아주대),신분당선,urban_rail,37.2884537,127.051609,KRIC_전체_도시철도역사정보_20260228
0546,광나루(장신대),5호선,urban_rail,37.545301,127.103478,KRIC_전체_도시철도역사정보_20260228
1750,광명,경부선,urban_rail,37.415995,126.884523,KRIC_전체_도시철도역사정보_20260228
0748,광명사거리,7호선,urban_rail,37.47927,126.854854,KRIC_전체_도시철도역사정보_20260228
0209,광안,부산 도시철도 2호선,urban_rail,35.15792,129.113197,KRIC_전체_도시철도역사정보_20260228
1019,광운대,경원선·경의중앙선·경춘선,urban_rail,37.62357,127.06181,KRIC_전체_도시철도역사정보_20260228
117,광주송정,광주도시철도 1호선,urban_rail,35.137529,126.791488,KRIC_전체_도시철도역사정보_20260228
0533,광화문(세종문화회관),5호선,urban_rail,37.571645,126.976568,KRIC_전체_도시철도역사정보_20260228
0624,광흥창(서강),6호선,urban_rail,37.547464,126.931971,KRIC_전체_도시철도역사정보_20260228
0002,괘법르네시떼,부산김해경전철,urban_rail,35.1632616,128.9776836,KRIC_전체_도시철도역사정보_20260228
0105,괴정,부산 도시철도 1호선,urban_rail,35.1,128.9925,KRIC_전체_도시철도역사정보_20260228
0124,교대,부산 도시철도 1호선,urban_rail,35.19583,129.08,KRIC_전체_도시철도역사정보_20260228
0128,교대,대구 도시철도 1호선,urban_rail,35.8510953,128.590643,KRIC_전체_도시철도역사정보_20260228
8004,교대,동해선,urban_rail,35.1938,129.07958,KRIC_전체_도시철도역사정보_20260228
0223|0340,교대(법원·검찰청),2호선·3호선,urban_rail,37.493957,127.014431,KRIC_전체_도시철도역사정보_20260228
0231,구남,부산 도시철도 2호선,urban_rail,35.19681,128.99492,KRIC_전체_도시철도역사정보_20260228
G101,구래,김포도시철도,urban_rail,37.645354,126.6285,KRIC_전체_도시철도역사정보_20260228
1701,구로,경부선,urban_rail,37.503178,126.882037,KRIC_전체_도시철도역사정보_20260228
0232,구로디지털단지,2호선,urban_rail,37.4852931,126.901456,KRIC_전체_도시철도역사정보_20260228
1026,구룡,분당선,urban_rail,37.486985,127.059496,KRIC_전체_도시철도역사정보_20260228
1205,구리,경의중앙선,urban_rail,37.60326,127.143373,KRIC_전체_도시철도역사정보_20260228
807,구리(구리전통시장),8호선,urban_rail,37.60256,127.14073,KRIC_전체_도시철도역사정보_20260228
0232,구명,부산 도시철도 2호선,urban_rail,35.20253,128.99931,KRIC_전체_도시철도역사정보_20260228
7001,구미,대경선,urban_rail,36.128278,128.331071,KRIC_전체_도시철도역사정보_20260228
4121,구반포,서울 도시철도 9호선,urban_rail,37.501389,126.987222,KRIC_전체_도시철도역사정보_20260228
0615,구산,6호선,urban_rail,37.611196,126.9172519,KRIC_전체_도시철도역사정보_20260228
0130,구서,부산 도시철도 1호선,urban_rail,35.247407,129.091327,KRIC_전체_도시철도역사정보_20260228
1863,구성,분당선,urban_rail,37.299013,127.105664,KRIC_전체_도시철도역사정보_20260228
0117,구암,대전 도시철도 1호선,urban_rail,36.356605,127.33083,KRIC_전체_도시철도역사정보_20260228
0317,구암(과학대보건대입구),대구 도시철도 3호선,urban_rail,35.92574223,128.5503415,KRIC_전체_도시철도역사정보_20260228
0213,구의(광진구청),2호선,urban_rail,37.537157,127.0862124,KRIC_전체_도시철도역사정보_20260228
1813,구일,경인선,urban_rail,37.495973,126.869201,KRIC_전체_도시철도역사정보_20260228
0320,구파발,3호선,urban_rail,37.636612,126.918827,KRIC_전체_도시철도역사정보_20260228
0314,구포,부산 도시철도 3호선,urban_rail,35.20644,128.99631,KRIC_전체_도시철도역사정보_20260228
1214,국수,경의중앙선,urban_rail,37.516171,127.399402,KRIC_전체_도시철도역사정보_20260228
0217,국제금융센터·부산은행,부산 도시철도 2호선,urban_rail,35.14583,129.06672,KRIC_전체_도시철도역사정보_20260228
3138,국제업무지구,인천지하철 1호선,urban_rail,37.400421,126.630105,KRIC_전체_도시철도역사정보_20260228
4114,국회의사당,서울 도시철도 9호선,urban_rail,37.528105,126.917874,KRIC_전체_도시철도역사정보_20260228
0544|0725,군자(능동),5호선·7호선,urban_rail,37.557102,127.079559,KRIC_전체_도시철도역사정보_20260228
1709,군포,경부선,urban_rail,37.353732,126.948517,KRIC_전체_도시철도역사정보_20260228
1324,굴봉산,경춘선,urban_rail,37.832086,127.557732,KRIC_전체_도시철도역사정보_20260228
3760,굴포천,도시철도 7호선,urban_rail,37.50695,126.731481,KRIC_전체_도시철도역사정보_20260228
0550,굽은다리(강동구민회관앞),5호선,urban_rail,37.545442,127.142844,KRIC_전체_도시철도역사정보_20260228
3111,귤현,인천지하철 1호선,urban_rail,37.566362,126.742498,KRIC_전체_도시철도역사정보_20260228
0238,금곡,부산 도시철도 2호선,urban_rail,35.26733,129.01686,KRIC_전체_도시철도역사정보_20260228
1316,금곡,경춘선,urban_rail,37.637414,127.207931,KRIC_전체_도시철도역사정보_20260228
105,금남로4가,광주도시철도 1호선,urban_rail,35.150976,126.914446,KRIC_전체_도시철도역사정보_20260228
106,금남로5가,광주도시철도 1호선,urban_rail,35.153658,126.910033,KRIC_전체_도시철도역사정보_20260228
0210,금련산,부산 도시철도 2호선,urban_rail,35.14989,129.111008,KRIC_전체_도시철도역사정보_20260228
1279,금릉,경의중앙선,urban_rail,37.751295,126.765401,KRIC_전체_도시철도역사정보_20260228
0408,금사,부산 경량도시철도 4호선,urban_rail,35.21583,129.11517,KRIC_전체_도시철도역사정보_20260228
1708,금정,경부선·안산과천선,urban_rail,37.371957,126.943411,KRIC_전체_도시철도역사정보_20260228
1703,금천구청,경부선,urban_rail,37.45576,126.894344,KRIC_전체_도시철도역사정보_20260228
1280,금촌,경의중앙선,urban_rail,37.766106,126.774515,KRIC_전체_도시철도역사정보_20260228
0334,금호,3호선,urban_rail,37.548269,127.015785,KRIC_전체_도시철도역사정보_20260228
8013,기장,동해선,urban_rail,35.244627,129.2188951,KRIC_전체_도시철도역사정보_20260228
1865,기흥,분당선,urban_rail,37.275657,127.115944,KRIC_전체_도시철도역사정보_20260228
Y110,기흥(백남준아트센터),에버라인,urban_rail,37.27545288,127.1170465,KRIC_전체_도시철도역사정보_20260228
0549,길동,5호선,urban_rail,37.538022,127.140085,KRIC_전체_도시철도역사정보_20260228
0417,길음,4호선,urban_rail,37.603387,127.025053,KRIC_전체_도시철도역사정보_20260228
114,김대중컨벤션센터(마륵),광주도시철도 1호선,urban_rail,35.143214,126.841442,KRIC_전체_도시철도역사정보_20260228
Y119,김량장,에버라인,urban_rail,37.23732377,127.1986109,KRIC_전체_도시철도역사정보_20260228
1327,김유정,경춘선,urban_rail,37.818475,127.714302,KRIC_전체_도시철도역사정보_20260228
0512,김포공항,5호선,urban_rail,37.56217,126.801273,KRIC_전체_도시철도역사정보_20260228
4102,김포공항,서울 도시철도 9호선,urban_rail,37.562056,126.801633,KRIC_전체_도시철도역사정보_20260228
A05,김포공항,인천국제공항선,urban_rail,37.56211652,126.8015442,KRIC_전체_도시철도역사정보_20260228
G109|1980,김포공항,김포도시철도·서해선,urban_rail,37.562309,126.801833,KRIC_전체_도시철도역사정보_20260228
0012,김해대학,부산김해경전철,urban_rail,35.22899,128.915612,KRIC_전체_도시철도역사정보_20260228
0014,김해시청,부산김해경전철,urban_rail,35.227103,128.89041,KRIC_전체_도시철도역사정보_20260228
0518,까치산,5호선,urban_rail,37.5322,126.84645,KRIC_전체_도시철도역사정보_20260228
3753,까치울,도시철도 7호선,urban_rail,37.506236,126.81095,KRIC_전체_도시철도역사정보_20260228
0404,낙민,부산 경량도시철도 4호선,urban_rail,35.20025,129.09078,KRIC_전체_도시철도역사정보_20260228
0227,낙성대(강감찬),2호선,urban_rail,37.47713,126.963583,KRIC_전체_도시철도역사정보_20260228
103,남광주,광주도시철도 1호선,urban_rail,35.1389849,126.92318,KRIC_전체_도시철도역사정보_20260228
0745,남구로,7호선,urban_rail,37.486181,126.887372,KRIC_전체_도시철도역사정보_20260228
3225,남동구청,인천지하철 2호선,urban_rail,37.448179,126.736581,KRIC_전체_도시철도역사정보_20260228
1883,남동인더스파크,수인선,urban_rail,37.407668,126.695613,KRIC_전체_도시철도역사정보_20260228
0341,남부터미널(예술의전당),3호선,urban_rail,37.48494,127.016289,KRIC_전체_도시철도역사정보_20260228
0132,남산,부산 도시철도 1호선,urban_rail,35.26528,129.0925,KRIC_전체_도시철도역사정보_20260228
0330,남산(계명네거리),대구 도시철도 3호선,urban_rail,35.85668979,128.5834576,KRIC_전체_도시철도역사정보_20260228
0311,남산정,부산 도시철도 3호선,urban_rail,35.21333,129.02392,KRIC_전체_도시철도역사정보_20260228
0737,남성,7호선,urban_rail,37.484688,126.971108,KRIC_전체_도시철도역사정보_20260228
0242,남양산,부산 도시철도 2호선,urban_rail,35.32533,129.01942,KRIC_전체_도시철도역사정보_20260228
1002,남영,경부선,urban_rail,37.540597,126.971171,KRIC_전체_도시철도역사정보_20260228
0821,남위례,8호선,urban_rail,37.462839,127.139047,KRIC_전체_도시철도역사정보_20260228
8019,남창,동해선,urban_rail,35.419713,129.28223,KRIC_전체_도시철도역사정보_20260228
0211,남천,부산 도시철도 2호선,urban_rail,35.14217,129.10797,KRIC_전체_도시철도역사정보_20260228
1328,남춘천,경춘선,urban_rail,37.864071,127.723761,KRIC_전체_도시철도역사정보_20260228
0434,남태령,4호선,urban_rail,37.464339,126.989081,KRIC_전체_도시철도역사정보_20260228
0111,남포,부산 도시철도 1호선,urban_rail,35.09778,129.03472,KRIC_전체_도시철도역사정보_20260228
0823,남한산성입구(성남법원·검찰청),8호선,urban_rail,37.451568,127.159845,KRIC_전체_도시철도역사정보_20260228
0097,낫개,부산 도시철도 1호선,urban_rail,35.065179,128.979702,KRIC_전체_도시철도역사정보_20260228
0227,내당,대구 도시철도 2호선,urban_rail,35.860194,128.564593,KRIC_전체_도시철도역사정보_20260228
0735,내방,7호선,urban_rail,37.48764,126.993541,KRIC_전체_도시철도역사정보_20260228
0224,냉정,부산 도시철도 2호선,urban_rail,35.15125,129.01228,KRIC_전체_도시철도역사정보_20260228
4118,노들,서울 도시철도 9호선,urban_rail,37.512726,126.953096,KRIC_전체_도시철도역사정보_20260228
1004,노량진,경부선,urban_rail,37.514072,126.941671,KRIC_전체_도시철도역사정보_20260228
4117,노량진,서울 도시철도 9호선,urban_rail,37.513667,126.940917,KRIC_전체_도시철도역사정보_20260228
0411,노원,4호선,urban_rail,37.656274,127.063183,KRIC_전체_도시철도역사정보_20260228
0713,노원,7호선,urban_rail,37.654478,127.060555,KRIC_전체_도시철도역사정보_20260228
0120,노은,대전 도시철도 1호선,urban_rail,36.37415,127.317835,KRIC_전체_도시철도역사정보_20260228
0134,노포,부산 도시철도 1호선,urban_rail,35.28361,129.095,KRIC_전체_도시철도역사정보_20260228
100,녹동,광주도시철도 1호선,urban_rail,35.107028,126.933932,KRIC_전체_도시철도역사정보_20260228
0323,녹번,3호선,urban_rail,37.600882,126.935758,KRIC_전체_도시철도역사정보_20260228
0629,녹사평(용산구청),6호선,urban_rail,37.53469,126.98665,KRIC_전체_도시철도역사정보_20260228
1908,녹양,경원선,urban_rail,37.759416,127.042272,KRIC_전체_도시철도역사정보_20260228
1021,녹천,경원선,urban_rail,37.644599,127.051406,KRIC_전체_도시철도역사정보_20260228
0732,논현,7호선,urban_rail,37.511108,127.021385,KRIC_전체_도시철도역사정보_20260228
D005,논현,신분당선,urban_rail,37.5108115,127.0213658,KRIC_전체_도시철도역사정보_20260228
109,농성,광주도시철도 1호선,urban_rail,35.153363,126.883973,KRIC_전체_도시철도역사정보_20260228
1271,능곡,경의중앙선·서해선,urban_rail,37.618741,126.82089,KRIC_전체_도시철도역사정보_20260228
1760,능길,수인선·안산과천선,urban_rail,37.337488,126.767306,KRIC_전체_도시철도역사정보_20260228
0096,다대포항,부산 도시철도 1호선,urban_rail,35.057288,128.971151,KRIC_전체_도시철도역사정보_20260228
0095,다대포해수욕장,부산 도시철도 1호선,urban_rail,35.048229,128.965919,KRIC_전체_도시철도역사정보_20260228
0217,다사,대구 도시철도 2호선,urban_rail,35.86495301,128.4582876,KRIC_전체_도시철도역사정보_20260228
805,다산,수도권 광역철도 8호선,urban_rail,37.62437,127.1498,KRIC_전체_도시철도역사정보_20260228
0824,단대오거리,8호선,urban_rail,37.445057,127.156735,KRIC_전체_도시철도역사정보_20260228
4811,달미,서해선,urban_rail,37.3490003,126.809318,KRIC_전체_도시철도역사정보_20260228
0327,달성공원,대구 도시철도 3호선,urban_rail,35.87573001,128.5821218,KRIC_전체_도시철도역사정보_20260228
1878,달월,수인선,urban_rail,37.379993,126.745431,KRIC_전체_도시철도역사정보_20260228
0236,담티(수성대·대륜),대구 도시철도 2호선,urban_rail,35.854841,128.654151,KRIC_전체_도시철도역사정보_20260228
0542,답십리,5호선,urban_rail,37.566833,127.05266,KRIC_전체_도시철도역사정보_20260228
S407,당곡,수도권 경량도시철도 신림선,urban_rail,37.490039105,126.927568759,KRIC_전체_도시철도역사정보_20260228
0103,당리,부산 도시철도 1호선,urban_rail,35.10333,128.97417,KRIC_전체_도시철도역사정보_20260228
0237,당산,2호선,urban_rail,37.534807,126.902611,KRIC_전체_도시철도역사정보_20260228
4113,당산,서울 도시철도 9호선,urban_rail,37.533844,126.902222,KRIC_전체_도시철도역사정보_20260228
1729,당정,경부선,urban_rail,37.34338,126.948388,KRIC_전체_도시철도역사정보_20260228
1953,대곡,일산선·경의중앙선·서해선,urban_rail,37.631629,126.811025,KRIC_전체_도시철도역사정보_20260228
0117,대곡(정부대구청사),대구 도시철도 1호선,urban_rail,35.809571,128.51257,KRIC_전체_도시철도역사정보_20260228
1452,대공원,안산과천선,urban_rail,37.435724,127.006474,KRIC_전체_도시철도역사정보_20260228
0132,대구,대구 도시철도 1호선,urban_rail,35.876379,128.596919,KRIC_전체_도시철도역사정보_20260228
7006,대구,대경선,urban_rail,35.876,128.5961,KRIC_전체_도시철도역사정보_20260228
0232,대구은행(대구교육청),대구 도시철도 2호선,urban_rail,35.859868,128.613975,KRIC_전체_도시철도역사정보_20260228
0147,대구한의대병원,대구 도시철도 1호선,urban_rail,35.8717089,128.7508237,KRIC_전체_도시철도역사정보_20260228
0103,대동,대전 도시철도 1호선,urban_rail,36.329532,127.442848,KRIC_전체_도시철도역사정보_20260228
0233,대림(구로구청),2호선,urban_rail,37.4932826,126.8949793,KRIC_전체_도시철도역사정보_20260228
0744,대림(구로구청),7호선,urban_rail,37.492984,126.896997,KRIC_전체_도시철도역사정보_20260228
0124,대명,대구 도시철도 1호선,urban_rail,35.8392924,128.5652846,KRIC_전체_도시철도역사정보_20260228
1028,대모산입구,분당선,urban_rail,37.491347,127.072702,KRIC_전체_도시철도역사정보_20260228
1005,대방,경부선,urban_rail,37.513392,126.926407,KRIC_전체_도시철도역사정보_20260228
S402,대방,수도권 경량도시철도 신림선,urban_rail,37.512840166,126.925316781,KRIC_전체_도시철도역사정보_20260228
0333,대봉교,대구 도시철도 3호선,urban_rail,35.85499783,128.6063685,KRIC_전체_도시철도역사정보_20260228
0009,대사,부산김해경전철,urban_rail,35.217657,128.938417,KRIC_전체_도시철도역사정보_20260228
1320,대성리,경춘선,urban_rail,37.683909,127.379165,KRIC_전체_도시철도역사정보_20260228
0218,대실,대구 도시철도 2호선,urban_rail,35.8573333,128.4656264,KRIC_전체_도시철도역사정보_20260228
1752,대야미,안산과천선,urban_rail,37.328304,126.917161,KRIC_전체_도시철도역사정보_20260228
0213,대연,부산 도시철도 2호선,urban_rail,35.13512,129.09218,KRIC_전체_도시철도역사정보_20260228
0317,대저,부산 도시철도 3호선,urban_rail,35.21343,128.96074,KRIC_전체_도시철도역사정보_20260228
0007,대저,부산김해경전철,urban_rail,35.213066,128.960562,KRIC_전체_도시철도역사정보_20260228
0104,대전,대전 도시철도 1호선,urban_rail,36.331583,127.433118,KRIC_전체_도시철도역사정보_20260228
0347,대청,3호선,urban_rail,37.493607,127.079526,KRIC_전체_도시철도역사정보_20260228
0345,대치,3호선,urban_rail,37.494601,127.063449,KRIC_전체_도시철도역사정보_20260228
0106,대티,부산 도시철도 1호선,urban_rail,35.10306,128.99972,KRIC_전체_도시철도역사정보_20260228
1958,대화,일산선,urban_rail,37.675883,126.747756,KRIC_전체_도시철도역사정보_20260228
0625,대흥(서강대앞),6호선,urban_rail,37.547732,126.942214,KRIC_전체_도시철도역사정보_20260228
1910,덕계,경원선,urban_rail,37.818761,127.056676,KRIC_전체_도시철도역사정보_20260228
0005,덕두,부산김해경전철,urban_rail,35.182001,128.954198,KRIC_전체_도시철도역사정보_20260228
1208,덕소,경의중앙선,urban_rail,37.586892,127.208835,KRIC_전체_도시철도역사정보_20260228
1911,덕정,경원선,urban_rail,37.843216,127.061511,KRIC_전체_도시철도역사정보_20260228
0233,덕천,부산 도시철도 2호선,urban_rail,35.21011,129.00533,KRIC_전체_도시철도역사정보_20260228
0313,덕천,부산 도시철도 3호선,urban_rail,35.210139,129.005545,KRIC_전체_도시철도역사정보_20260228
0228,덕포,부산 도시철도 2호선,urban_rail,35.17378,128.98394,KRIC_전체_도시철도역사정보_20260228
8021,덕하,동해선,urban_rail,35.494007,129.303094,KRIC_전체_도시철도역사정보_20260228
0344,도곡,3호선,urban_rail,37.491129,127.055694,KRIC_전체_도시철도역사정보_20260228
1025,도곡,분당선,urban_rail,37.490914,127.055393,KRIC_전체_도시철도역사정보_20260228
1206,도농,경의중앙선,urban_rail,37.608756,127.161105,KRIC_전체_도시철도역사정보_20260228
2341,도림천,2호선,urban_rail,37.5145589,126.882586,KRIC_전체_도시철도역사정보_20260228
1902,도봉,경원선,urban_rail,37.679441,127.045521,KRIC_전체_도시철도역사정보_20260228
1903,도봉산,경원선,urban_rail,37.689603,127.046047,KRIC_전체_도시철도역사정보_20260228
0710,도봉산,7호선,urban_rail,37.689131,127.046548,KRIC_전체_도시철도역사정보_20260228
118,도산,광주도시철도 1호선,urban_rail,35.131713,126.787942,KRIC_전체_도시철도역사정보_20260228
1209,도심,경의중앙선,urban_rail,37.579628,127.222798,KRIC_전체_도시철도역사정보_20260228
1817,도원,경인선,urban_rail,37.468604,126.642824,KRIC_전체_도시철도역사정보_20260228
1823,도화,경인선,urban_rail,37.466154,126.66846,KRIC_전체_도시철도역사정보_20260228
0326,독립문,3호선,urban_rail,37.574534,126.957902,KRIC_전체_도시철도역사정보_20260228
0613,독바위,6호선,urban_rail,37.618413,126.933035,KRIC_전체_도시철도역사정보_20260228
1714,독산,경부선,urban_rail,37.465994,126.889508,KRIC_전체_도시철도역사정보_20260228
3206,독정,인천지하철 2호선,urban_rail,37.584927,126.675981,KRIC_전체_도시철도역사정보_20260228
108,돌고개,광주도시철도 1호선,urban_rail,35.152047,126.895637,KRIC_전체_도시철도역사정보_20260228
0643,돌곶이,6호선,urban_rail,37.610522,127.056419,KRIC_전체_도시철도역사정보_20260228
806,동구릉,8호선,urban_rail,37.610556,127.135056,KRIC_전체_도시철도역사정보_20260228
0136,동구청(큰고개),대구 도시철도 1호선,urban_rail,35.884485,128.632295,KRIC_전체_도시철도역사정보_20260228
0135,동대구,대구 도시철도 1호선,urban_rail,35.877626,128.627152,KRIC_전체_도시철도역사정보_20260228
7007,동대구,대경선,urban_rail,35.879376,128.628807,KRIC_전체_도시철도역사정보_20260228
0128,동대문,1호선,urban_rail,37.571646,127.01069,KRIC_전체_도시철도역사정보_20260228
0421,동대문,4호선,urban_rail,37.57099,127.00925,KRIC_전체_도시철도역사정보_20260228
0205,동대문역사문화공원(DDP),2호선,urban_rail,37.565609,127.009083,KRIC_전체_도시철도역사정보_20260228
0422,동대문역사문화공원(DDP),4호선,urban_rail,37.565141,127.007808,KRIC_전체_도시철도역사정보_20260228
0536,동대문역사문화공원(DDP),5호선,urban_rail,37.564682,127.00533,KRIC_전체_도시철도역사정보_20260228
0108,동대신,부산 도시철도 1호선,urban_rail,35.11056,129.01757,KRIC_전체_도시철도역사정보_20260228
0332,동대입구,3호선,urban_rail,37.55906,127.005273,KRIC_전체_도시철도역사정보_20260228
1915,동두천,경원선,urban_rail,37.927569,127.054825,KRIC_전체_도시철도역사정보_20260228
1913,동두천중앙,경원선,urban_rail,37.901818,127.056528,KRIC_전체_도시철도역사정보_20260228
0125,동래,부산 도시철도 1호선,urban_rail,35.20556,129.078461,KRIC_전체_도시철도역사정보_20260228
0402,동래,부산 경량도시철도 4호선,urban_rail,35.20466,129.07741,KRIC_전체_도시철도역사정보_20260228
8005,동래,동해선,urban_rail,35.204714,129.0773502,KRIC_전체_도시철도역사정보_20260228
3132,동막,인천지하철 1호선,urban_rail,37.398173,126.673561,KRIC_전체_도시철도역사정보_20260228
0100,동매,부산 도시철도 1호선,urban_rail,35.089819,128.974029,KRIC_전체_도시철도역사정보_20260228
0127,동묘앞,1호선,urban_rail,37.573265,127.016459,KRIC_전체_도시철도역사정보_20260228
0636,동묘앞,6호선,urban_rail,37.572275,127.015666,KRIC_전체_도시철도역사정보_20260228
0204,동백,부산 도시철도 2호선,urban_rail,35.16147,129.147887,KRIC_전체_도시철도역사정보_20260228
Y114,동백(용인세브란스),에버라인,urban_rail,37.26910138,127.1526906,KRIC_전체_도시철도역사정보_20260228
3121,동수,인천지하철 1호선,urban_rail,37.485409,126.718464,KRIC_전체_도시철도역사정보_20260228
1808,동암,경인선,urban_rail,37.470835,126.703016,KRIC_전체_도시철도역사정보_20260228
U118,동오,의정부,urban_rail,37.74519123,127.05703,KRIC_전체_도시철도역사정보_20260228
0237,동원,부산 도시철도 2호선,urban_rail,35.25864,129.01242,KRIC_전체_도시철도역사정보_20260228
0222,동의대,부산 도시철도 2호선,urban_rail,35.15411,129.0325,KRIC_전체_도시철도역사정보_20260228
1811,동인천,경인선,urban_rail,37.475414,126.632598,KRIC_전체_도시철도역사정보_20260228
0431,동작(현충원),4호선,urban_rail,37.503567,126.980171,KRIC_전체_도시철도역사정보_20260228
4120,동작(현충원),서울 도시철도 9호선,urban_rail,37.502878,126.978278,KRIC_전체_도시철도역사정보_20260228
0315,동천,대구 도시철도 3호선,urban_rail,35.93770658,128.556683,KRIC_전체_도시철도역사정보_20260228
D014,동천,신분당선,urban_rail,37.338068413,127.1028937,KRIC_전체_도시철도역사정보_20260228
0138,동촌(동촌유원지),대구 도시철도 1호선,urban_rail,35.886039,128.650455,KRIC_전체_도시철도역사정보_20260228
3131,동춘,인천지하철 1호선,urban_rail,37.404676,126.680835,KRIC_전체_도시철도역사정보_20260228
0226,두류,대구 도시철도 2호선,urban_rail,35.8572405,128.555509,KRIC_전체_도시철도역사정보_20260228
0131,두실,부산 도시철도 1호선,urban_rail,35.25694,129.09139,KRIC_전체_도시철도역사정보_20260228
1727,두정,경부선,urban_rail,36.833791,127.148905,KRIC_전체_도시철도역사정보_20260228
Y123,둔전,에버라인,urban_rail,37.26721222,127.2136387,KRIC_전체_도시철도역사정보_20260228
P549,둔촌동,5호선,urban_rail,37.527787,127.136219,KRIC_전체_도시철도역사정보_20260228
4137,둔촌오륜,수도권 도시철도 9호선,urban_rail,37.519339,127.138619,KRIC_전체_도시철도역사정보_20260228
0006,등구,부산김해경전철,urban_rail,35.196143,128.963599,KRIC_전체_도시철도역사정보_20260228
4109,등촌,서울 도시철도 9호선,urban_rail,37.551111,126.864722,KRIC_전체_도시철도역사정보_20260228
0618,디지털미디어시티,6호선,urban_rail,37.5760805,126.901343,KRIC_전체_도시철도역사정보_20260228
A04,디지털미디어시티,인천국제공항선,urban_rail,37.577355,126.898025,KRIC_전체_도시철도역사정보_20260228
1266,디지털미디어시티,경의중앙선,urban_rail,37.577964,126.900421,KRIC_전체_도시철도역사정보_20260228
0210,뚝섬,2호선,urban_rail,37.54718,127.047413,KRIC_전체_도시철도역사정보_20260228
0514,마곡,5호선,urban_rail,37.55865,126.837693,KRIC_전체_도시철도역사정보_20260228
A042,마곡나루,인천국제공항선,urban_rail,37.56581914,126.8276358,KRIC_전체_도시철도역사정보_20260228
4105,마곡나루(서울식물원),서울 도시철도 9호선,urban_rail,37.566717,126.8276071,KRIC_전체_도시철도역사정보_20260228
1955,마두,일산선,urban_rail,37.652185,126.777641,KRIC_전체_도시철도역사정보_20260228
0712,마들,7호선,urban_rail,37.664985,127.057701,KRIC_전체_도시철도역사정보_20260228
G102,마산,김포도시철도,urban_rail,37.640606,126.643944,KRIC_전체_도시철도역사정보_20260228
1319,마석,경춘선,urban_rail,37.652328,127.311713,KRIC_전체_도시철도역사정보_20260228
0541,마장,5호선,urban_rail,37.566066,127.042921,KRIC_전체_도시철도역사정보_20260228
3204,마전,인천지하철 2호선,urban_rail,37.597756,126.667195,KRIC_전체_도시철도역사정보_20260228
P555,마천,5호선,urban_rail,37.494972,127.152784,KRIC_전체_도시철도역사정보_20260228
0528,마포,5호선,urban_rail,37.539718,126.946043,KRIC_전체_도시철도역사정보_20260228
0620,마포구청,6호선,urban_rail,37.563529,126.903356,KRIC_전체_도시철도역사정보_20260228
0310,만덕,부산 도시철도 3호선,urban_rail,35.213,129.0365,KRIC_전체_도시철도역사정보_20260228
3224,만수,인천지하철 2호선,urban_rail,37.454962,126.731764,KRIC_전체_도시철도역사정보_20260228
0235,만촌,대구 도시철도 2호선,urban_rail,35.858841,128.644951,KRIC_전체_도시철도역사정보_20260228
0323,만평,대구 도시철도 3호선,urban_rail,35.889893,128.561002,KRIC_전체_도시철도역사정보_20260228
0302,망미,부산 도시철도 3호선,urban_rail,35.17153,129.10822,KRIC_전체_도시철도역사정보_20260228
8020,망양,동해선,urban_rail,35.456519,129.287856,KRIC_전체_도시철도역사정보_20260228
1203,망우,경춘선·경의중앙선,urban_rail,37.599988,127.092031,KRIC_전체_도시철도역사정보_20260228
0621,망원,6호선,urban_rail,37.556031,126.910129,KRIC_전체_도시철도역사정보_20260228
1904,망월사,경원선,urban_rail,37.710499,127.047361,KRIC_전체_도시철도역사정보_20260228
1869,망포,분당선,urban_rail,37.245793,127.057367,KRIC_전체_도시철도역사정보_20260228
1872,매교,분당선,urban_rail,37.265502,127.015657,KRIC_전체_도시철도역사정보_20260228
0343,매봉,3호선,urban_rail,37.487114,127.046907,KRIC_전체_도시철도역사정보_20260228
0319,매천,대구 도시철도 3호선,urban_rail,35.91265,128.5434,KRIC_전체_도시철도역사정보_20260228
0320,매천시장,대구 도시철도 3호선,urban_rail,35.90443,128.545755,KRIC_전체_도시철도역사정보_20260228
1870,매탄권선,분당선,urban_rail,37.252458,127.040824,KRIC_전체_도시철도역사정보_20260228
0718,먹골,7호선,urban_rail,37.610638,127.077719,KRIC_전체_도시철도역사정보_20260228
0721,면목,7호선,urban_rail,37.588671,127.087503,KRIC_전체_도시철도역사정보_20260228
0129,명덕(2.28민주운동기념회관),대구 도시철도 1호선,urban_rail,35.857382,128.59088,KRIC_전체_도시철도역사정보_20260228
0331,명덕(2·28민주운동기념회관),대구 도시철도 3호선,urban_rail,35.85694518,128.5900469,KRIC_전체_도시철도역사정보_20260228
0424,명동,4호선,urban_rail,37.560955,126.986271,KRIC_전체_도시철도역사정보_20260228
0126,명륜,부산 도시철도 1호선,urban_rail,35.21222,129.07944,KRIC_전체_도시철도역사정보_20260228
0551,명일,5호선,urban_rail,37.551317,127.144002,KRIC_전체_도시철도역사정보_20260228
0406,명장,부산 경량도시철도 4호선,urban_rail,35.20503,129.10161,KRIC_전체_도시철도역사정보_20260228
Y118,명지대,에버라인,urban_rail,37.23807629,127.1902913,KRIC_전체_도시철도역사정보_20260228
1707,명학,경부선,urban_rail,37.384435,126.935579,KRIC_전체_도시철도역사정보_20260228
0229,모덕,부산 도시철도 2호선,urban_rail,35.18036,128.98561,KRIC_전체_도시철도역사정보_20260228
0230,모라,부산 도시철도 2호선,urban_rail,35.18967,128.98864,KRIC_전체_도시철도역사정보_20260228
0827,모란,8호선,urban_rail,37.433988,127.129921,KRIC_전체_도시철도역사정보_20260228
1853,모란,분당선,urban_rail,37.432124,127.129064,KRIC_전체_도시철도역사정보_20260228
3223,모래내시장,인천지하철 2호선,urban_rail,37.455842,126.719578,KRIC_전체_도시철도역사정보_20260228
0520,목동,5호선,urban_rail,37.526088,126.864296,KRIC_전체_도시철도역사정보_20260228
0214,못골,부산 도시철도 2호선,urban_rail,35.13472,129.08442,KRIC_전체_도시철도역사정보_20260228
0813,몽촌토성(평화의문),8호선,urban_rail,37.517692,127.11274,KRIC_전체_도시철도역사정보_20260228
0325,무악재,3호선,urban_rail,37.582658,126.950131,KRIC_전체_도시철도역사정보_20260228
0235,문래,2호선,urban_rail,37.517993,126.894766,KRIC_전체_도시철도역사정보_20260228
1284,문산,경의중앙선,urban_rail,37.854565,126.787531,KRIC_전체_도시철도역사정보_20260228
0216,문양,대구 도시철도 2호선,urban_rail,35.86414313,128.4370043,KRIC_전체_도시철도역사정보_20260228
0818,문정,8호선,urban_rail,37.485931,127.122473,KRIC_전체_도시철도역사정보_20260228
3127,문학경기장,인천지하철 1호선,urban_rail,37.434964,126.698373,KRIC_전체_도시철도역사정보_20260228
0216,문현,부산 도시철도 2호선,urban_rail,35.13911,129.06736,KRIC_전체_도시철도역사정보_20260228
104,문화전당(구도청),광주도시철도 1호선,urban_rail,35.14661,126.92005,KRIC_전체_도시철도역사정보_20260228
0304,물만골,부산 도시철도 3호선,urban_rail,35.17681,129.08575,KRIC_전체_도시철도역사정보_20260228
D013,미금,신분당선,urban_rail,37.35058332,127.1088028,KRIC_전체_도시철도역사정보_20260228
1858,미금,분당선,urban_rail,37.350078,127.108952,KRIC_전체_도시철도역사정보_20260228
0309,미남,부산 도시철도 3호선,urban_rail,35.2055,129.06806,KRIC_전체_도시철도역사정보_20260228
0401,미남,부산 경량도시철도 4호선,urban_rail,35.20643,129.06868,KRIC_전체_도시철도역사정보_20260228
0555,미사,5호선,urban_rail,37.56309,127.192954,KRIC_전체_도시철도역사정보_20260228
0415,미아(서울사이버대학),4호선,urban_rail,37.626435,127.026151,KRIC_전체_도시철도역사정보_20260228
0416,미아사거리,4호선,urban_rail,37.613276,127.030083,KRIC_전체_도시철도역사정보_20260228
0207,민락,부산 도시철도 2호선,urban_rail,35.16722,129.121878,KRIC_전체_도시철도역사정보_20260228
0018,박물관,부산김해경전철,urban_rail,35.24006467,128.8718628,KRIC_전체_도시철도역사정보_20260228
3112,박촌,인천지하철 1호선,urban_rail,37.553525,126.744946,KRIC_전체_도시철도역사정보_20260228
0228,반고개,대구 도시철도 2호선,urban_rail,35.8623,128.572817,KRIC_전체_도시철도역사정보_20260228
0122,반석,대전 도시철도 1호선,urban_rail,36.392128,127.314581,KRIC_전체_도시철도역사정보_20260228
0144,반야월,대구 도시철도 1호선,urban_rail,35.865948,128.713663,KRIC_전체_도시철도역사정보_20260228
0409,반여농산물시장,부산 경량도시철도 4호선,urban_rail,35.21778,129.12397,KRIC_전체_도시철도역사정보_20260228
1753,반월,안산과천선,urban_rail,37.312244,126.903684,KRIC_전체_도시철도역사정보_20260228
0130|0230,반월당,대구 도시철도 1호선·대구 도시철도 2호선,urban_rail,35.86389,128.593312,KRIC_전체_도시철도역사정보_20260228
0733,반포,7호선,urban_rail,37.508171,127.011717,KRIC_전체_도시철도역사정보_20260228
U110,발곡,의정부,urban_rail,37.726983,127.052889,KRIC_전체_도시철도역사정보_20260228
0515,발산,5호선,urban_rail,37.558692,126.837633,KRIC_전체_도시철도역사정보_20260228
0225,방배,2호선,urban_rail,37.481469,126.997627,KRIC_전체_도시철도역사정보_20260228
P551,방이,5호선,urban_rail,37.508752,127.126054,KRIC_전체_도시철도역사정보_20260228
0140,방촌,대구 도시철도 1호선,urban_rail,35.879929,128.669767,KRIC_전체_도시철도역사정보_20260228
1901,방학,경원선,urban_rail,37.667471,127.044295,KRIC_전체_도시철도역사정보_20260228
0510,방화,5호선,urban_rail,37.577669,126.812822,KRIC_전체_도시철도역사정보_20260228
1405,배방,장항선,urban_rail,36.777541,127.052751,KRIC_전체_도시철도역사정보_20260228
0303,배산,부산 도시철도 3호선,urban_rail,35.1735,129.0955,KRIC_전체_도시철도역사정보_20260228
1273,백마,경의중앙선·서해선,urban_rail,37.658346,126.794401,KRIC_전체_도시철도역사정보_20260228
1954,백석,일산선,urban_rail,37.642973,126.788109,KRIC_전체_도시철도역사정보_20260228
1325,백양리,경춘선,urban_rail,37.830881,127.589085,KRIC_전체_도시철도역사정보_20260228
1807,백운,경인선,urban_rail,37.483301,126.707179,KRIC_전체_도시철도역사정보_20260228
0632,버티고개,6호선,urban_rail,37.547933,127.006948,KRIC_전체_도시철도역사정보_20260228
1457,범계,안산과천선,urban_rail,37.389783,126.950752,KRIC_전체_도시철도역사정보_20260228
U112,범골,의정부,urban_rail,37.7287279,127.0437202,KRIC_전체_도시철도역사정보_20260228
0118,범내골,부산 도시철도 1호선,urban_rail,35.14722,129.05917,KRIC_전체_도시철도역사정보_20260228
0340,범물,대구 도시철도 3호선,urban_rail,35.82083917,128.6401127,KRIC_전체_도시철도역사정보_20260228
0233,범어,대구 도시철도 2호선,urban_rail,35.8591,128.6257,KRIC_전체_도시철도역사정보_20260228
0133,범어사,부산 도시철도 1호선,urban_rail,35.27333,129.09268,KRIC_전체_도시철도역사정보_20260228
0117,범일,부산 도시철도 1호선,urban_rail,35.14139,129.05944,KRIC_전체_도시철도역사정보_20260228
8009,벡스코,동해선,urban_rail,35.1717,129.135958,KRIC_전체_도시철도역사정보_20260228
0205,벡스코,부산 도시철도 2호선,urban_rail,35.16911,129.138431,KRIC_전체_도시철도역사정보_20260228
804,별내,수도권 광역철도 8호선,urban_rail,37.642517,127.1273,KRIC_전체_도시철도역사정보_20260228
1313,별내,경춘선,urban_rail,37.642221,127.127208,KRIC_전체_도시철도역사정보_20260228
0408,별내별가람,진접선,urban_rail,37.667833,127.116167,KRIC_전체_도시철도역사정보_20260228
1716,병점,경부선,urban_rail,37.206821,127.033268,KRIC_전체_도시철도역사정보_20260228
0742,보라매,7호선,urban_rail,37.499916,126.920112,KRIC_전체_도시철도역사정보_20260228
S404,보라매,수도권 경량도시철도 신림선,urban_rail,37.500312709,126.920485864,KRIC_전체_도시철도역사정보_20260228
S405,보라매공원,수도권 경량도시철도 신림선,urban_rail,37.495225405,126.918258811,KRIC_전체_도시철도역사정보_20260228
S406,보라매병원,수도권 경량도시철도 신림선,urban_rail,37.4929607,126.923886,KRIC_전체_도시철도역사정보_20260228
0638,보문,6호선,urban_rail,37.585426,127.019722,KRIC_전체_도시철도역사정보_20260228
S121,보문,우이신설선,urban_rail,37.58551,127.01939,KRIC_전체_도시철도역사정보_20260228
1914,보산,경원선,urban_rail,37.914268,127.057134,KRIC_전체_도시철도역사정보_20260228
1861,보정,분당선,urban_rail,37.31274,127.108219,KRIC_전체_도시철도역사정보_20260228
Y122,보평,에버라인,urban_rail,37.25896427,127.2184808,KRIC_전체_도시철도역사정보_20260228
0820,복정,8호선,urban_rail,37.471016,127.126746,KRIC_전체_도시철도역사정보_20260228
1031,복정,분당선,urban_rail,37.469753,127.126627,KRIC_전체_도시철도역사정보_20260228
1401,봉명,장항선,urban_rail,36.801578,127.136319,KRIC_전체_도시철도역사정보_20260228
4129,봉은사,수도권 도시철도 9호선,urban_rail,37.514219,127.060245,KRIC_전체_도시철도역사정보_20260228
0229,봉천,2호선,urban_rail,37.482416,126.941696,KRIC_전체_도시철도역사정보_20260228
0647,봉화산(서울의료원),6호선,urban_rail,37.617429,127.0912326,KRIC_전체_도시철도역사정보_20260228
0016,봉황,부산김해경전철,urban_rail,35.22726757,128.8743069,KRIC_전체_도시철도역사정보_20260228
1815,부개,경인선,urban_rail,37.488479,126.740549,KRIC_전체_도시철도역사정보_20260228
1509,부발,경강선,urban_rail,37.260411,127.490303,KRIC_전체_도시철도역사정보_20260228
0113,부산,부산 도시철도 1호선,urban_rail,35.11528,129.03972,KRIC_전체_도시철도역사정보_20260228
0128,부산대,부산 도시철도 1호선,urban_rail,35.23,129.08944,KRIC_전체_도시철도역사정보_20260228
0241,부산대양산캠퍼스,부산 도시철도 2호선,urban_rail,35.31697,129.01383,KRIC_전체_도시철도역사정보_20260228
8015,부산원동,동해선,urban_rail,35.1938,129.113709,KRIC_전체_도시철도역사정보_20260228
0115,부산진,부산 도시철도 1호선,urban_rail,35.12778,129.04778,KRIC_전체_도시철도역사정보_20260228
0220,부암,부산 도시철도 2호선,urban_rail,35.15744,129.05019,KRIC_전체_도시철도역사정보_20260228
0015,부원,부산김해경전철,urban_rail,35.22646624,128.8838997,KRIC_전체_도시철도역사정보_20260228
8001,부전,동해선,urban_rail,35.164668,129.06011,KRIC_전체_도시철도역사정보_20260228
0120,부전,부산 도시철도 1호선,urban_rail,35.1625,129.06278,KRIC_전체_도시철도역사정보_20260228
1804,부천,경인선,urban_rail,37.484066,126.782779,KRIC_전체_도시철도역사정보_20260228
3757,부천시청,도시철도 7호선,urban_rail,37.504611,126.763561,KRIC_전체_도시철도역사정보_20260228
3754,부천종합운동장,도시철도 7호선,urban_rail,37.505381,126.79735,KRIC_전체_도시철도역사정보_20260228
1982,부천종합운동장,서해선,urban_rail,37.505852,126.797498,KRIC_전체_도시철도역사정보_20260228
1806,부평,경인선,urban_rail,37.489457,126.724584,KRIC_전체_도시철도역사정보_20260228
3120,부평,인천지하철 1호선,urban_rail,37.490541,126.723437,KRIC_전체_도시철도역사정보_20260228
3761,부평구청,도시철도 7호선,urban_rail,37.507523,126.721356,KRIC_전체_도시철도역사정보_20260228
3118,부평구청,인천지하철 1호선,urban_rail,37.508768,126.720547,KRIC_전체_도시철도역사정보_20260228
3122,부평삼거리,인천지하철 1호선,urban_rail,37.478267,126.710494,KRIC_전체_도시철도역사정보_20260228
3119,부평시장,인천지하철 1호선,urban_rail,37.498495,126.722282,KRIC_전체_도시철도역사정보_20260228
0148,부호(경일대·호산대),대구 도시철도 1호선,urban_rail,35.9002809,128.8031144,KRIC_전체_도시철도역사정보_20260228
0326,북구청 (대구iM뱅크파크),대구 도시철도 3호선,urban_rail,35.88381395,128.5814483,KRIC_전체_도시철도역사정보_20260228
7003,북삼,대경선,urban_rail,36.0560326479866,128.345278,KRIC_전체_도시철도역사정보_20260228
S118,북한산보국문,우이신설선,urban_rail,37.61233,127.00816,KRIC_전체_도시철도역사정보_20260228
S110,북한산우이,우이신설선,urban_rail,37.66284,127.01272,KRIC_전체_도시철도역사정보_20260228
0322|0612,불광,3호선·6호선,urban_rail,37.610154,126.930183,KRIC_전체_도시철도역사정보_20260228
0010,불암,부산김해경전철,urban_rail,35.222162,128.927893,KRIC_전체_도시철도역사정보_20260228
0409,불암산,4호선,urban_rail,37.67009,127.079004,KRIC_전체_도시철도역사정보_20260228
0722,사가정,7호선,urban_rail,37.580912,127.088502,KRIC_전체_도시철도역사정보_20260228
7002,사곡,대경선,urban_rail,36.098508,128.356416,KRIC_전체_도시철도역사정보_20260228
0226,사당,2호선,urban_rail,37.476536,126.981631,KRIC_전체_도시철도역사정보_20260228
0433,사당,4호선,urban_rail,37.476263,126.981636,KRIC_전체_도시철도역사정보_20260228
1315,사릉,경춘선,urban_rail,37.651145,127.176839,KRIC_전체_도시철도역사정보_20260228
1877,사리,수인선,urban_rail,37.290809,126.857172,KRIC_전체_도시철도역사정보_20260228
0227,사상,부산 도시철도 2호선,urban_rail,35.16218,128.98467,KRIC_전체_도시철도역사정보_20260228
0001,사상,부산김해경전철,urban_rail,35.1623018,128.9859408,KRIC_전체_도시철도역사정보_20260228
G106,사우,김포도시철도,urban_rail,37.620361,126.719722,KRIC_전체_도시철도역사정보_20260228
0241,사월,대구 도시철도 2호선,urban_rail,35.837066,128.715173,KRIC_전체_도시철도역사정보_20260228
0308,사직,부산 도시철도 3호선,urban_rail,35.199,129.065,KRIC_전체_도시철도역사정보_20260228
4124,사평,서울 도시철도 9호선,urban_rail,37.504161,127.015219,KRIC_전체_도시철도역사정보_20260228
0104,사하,부산 도시철도 1호선,urban_rail,35.09972,128.98333,KRIC_전체_도시철도역사정보_20260228
3762,산곡,도시철도 7호선,urban_rail,37.508547,126.70351,KRIC_전체_도시철도역사정보_20260228
1751,산본,안산과천선,urban_rail,37.358019,126.932969,KRIC_전체_도시철도역사정보_20260228
0822,산성,8호선,urban_rail,37.456886,127.149927,KRIC_전체_도시철도역사정보_20260228
Y116,삼가,에버라인,urban_rail,37.24205993,127.16818,KRIC_전체_도시철도역사정보_20260228
0428,삼각지(전쟁기념관),4호선,urban_rail,37.534457,126.972992,KRIC_전체_도시철도역사정보_20260228
0628,삼각지(전쟁기념관),6호선,urban_rail,37.535563,126.973996,KRIC_전체_도시철도역사정보_20260228
1503,삼동,경강선,urban_rail,37.408731,127.203447,KRIC_전체_도시철도역사정보_20260228
3759,삼산체육관,도시철도 7호선,urban_rail,37.506431,126.742081,KRIC_전체_도시철도역사정보_20260228
0219,삼성(무역센터),2호선,urban_rail,37.508827,127.063203,KRIC_전체_도시철도역사정보_20260228
4128,삼성중앙,수도권 도시철도 9호선,urban_rail,37.513011,127.053282,KRIC_전체_도시철도역사정보_20260228
1950,삼송,일산선,urban_rail,37.653096,126.895559,KRIC_전체_도시철도역사정보_20260228
S115,삼양,우이신설선,urban_rail,37.62706,127.01817,KRIC_전체_도시철도역사정보_20260228
S116,삼양사거리,우이신설선,urban_rail,37.62144,127.02049,KRIC_전체_도시철도역사정보_20260228
4131,삼전,수도권 도시철도 9호선,urban_rail,37.504531,127.087211,KRIC_전체_도시철도역사정보_20260228
1866,상갈,분당선,urban_rail,37.261797,127.108718,KRIC_전체_도시철도역사정보_20260228
0410,상계,4호선,urban_rail,37.660576,127.073199,KRIC_전체_도시철도역사정보_20260228
0739,상도,7호선,urban_rail,37.50279,126.947949,KRIC_전체_도시철도역사정보_20260228
3758,상동,도시철도 7호선,urban_rail,37.505769,126.753081,KRIC_전체_도시철도역사정보_20260228
1754,상록수,안산과천선,urban_rail,37.302845,126.866533,KRIC_전체_도시철도역사정보_20260228
113,상무,광주도시철도 1호선,urban_rail,35.146784,126.848641,KRIC_전체_도시철도역사정보_20260228
1202,상봉,경의중앙선·경춘선,urban_rail,37.596754,127.085553,KRIC_전체_도시철도역사정보_20260228
0720,상봉,7호선,urban_rail,37.595673,127.085708,KRIC_전체_도시철도역사정보_20260228
0623,상수,6호선,urban_rail,37.547704,126.92292,KRIC_전체_도시철도역사정보_20260228
0207,상왕십리,2호선,urban_rail,37.564444,127.029322,KRIC_전체_도시철도역사정보_20260228
0642,상월곡(한국과학기술연구원),6호선,urban_rail,37.606392,127.048509,KRIC_전체_도시철도역사정보_20260228
0120,상인,대구 도시철도 1호선,urban_rail,35.8188583,128.5375588,KRIC_전체_도시철도역사정보_20260228
0553,상일동,5호선,urban_rail,37.556714,127.166381,KRIC_전체_도시철도역사정보_20260228
1322,상천,경춘선,urban_rail,37.770305,127.4542,KRIC_전체_도시철도역사정보_20260228
D017,상현,신분당선,urban_rail,37.29808526,127.0694799,KRIC_전체_도시철도역사정보_20260228
U119,새말,의정부,urban_rail,37.74889941,127.063869,KRIC_전체_도시철도역사정보_20260228
0616,새절(신사),6호선,urban_rail,37.591148,126.913613,KRIC_전체_도시철도역사정보_20260228
4116,샛강,서울 도시철도 9호선,urban_rail,37.5173,126.9284,KRIC_전체_도시철도역사정보_20260228
S401,샛강,수도권 경량도시철도 신림선,urban_rail,37.517219937,126.929403964,KRIC_전체_도시철도역사정보_20260228
1263,서강대,경의중앙선,urban_rail,37.552132,126.935389,KRIC_전체_도시철도역사정보_20260228
3210,서구청,인천지하철 2호선,urban_rail,37.543839,126.676795,KRIC_전체_도시철도역사정보_20260228
7005,서대구,대경선,urban_rail,35.881734,128.540121,KRIC_전체_도시철도역사정보_20260228
0532,서대문,5호선,urban_rail,37.565812,126.966639,KRIC_전체_도시철도역사정보_20260228
0107,서대신,부산 도시철도 1호선,urban_rail,35.11083,129.01194,KRIC_전체_도시철도역사정보_20260228
0107,서대전네거리,대전 도시철도 1호선,urban_rail,36.322416,127.412518,KRIC_전체_도시철도역사정보_20260228
0407,서동,부산 경량도시철도 4호선,urban_rail,35.21331,129.10769,KRIC_전체_도시철도역사정보_20260228
1749,서동탄,경부선,urban_rail,37.195675,127.051893,KRIC_전체_도시철도역사정보_20260228
0119,서면,부산 도시철도 1호선,urban_rail,35.15778,129.05917,KRIC_전체_도시철도역사정보_20260228
0219,서면,부산 도시철도 2호선,urban_rail,35.15768,129.058517,KRIC_전체_도시철도역사정보_20260228
0328,서문시장(동산병원),대구 도시철도 3호선,urban_rail,35.86966429,128.582241,KRIC_전체_도시철도역사정보_20260228
0003,서부산유통지구,부산김해경전철,urban_rail,35.16640204,128.9548881,KRIC_전체_도시철도역사정보_20260228
3214,서부여성회관,인천지하철 2호선,urban_rail,37.500298,126.675875,KRIC_전체_도시철도역사정보_20260228
0123,서부정류장(관문시장),대구 도시철도 1호선,urban_rail,35.8373375,128.5570702,KRIC_전체_도시철도역사정보_20260228
1009,서빙고,경원선,urban_rail,37.51961,126.988358,KRIC_전체_도시철도역사정보_20260228
8018,서생,동해선,urban_rail,35.346121,129.29304,KRIC_전체_도시철도역사정보_20260228
0133,서울,1호선,urban_rail,37.55585,126.972103,KRIC_전체_도시철도역사정보_20260228
0426,서울,4호선,urban_rail,37.553172,126.972706,KRIC_전체_도시철도역사정보_20260228
A01,서울,인천국제공항선,urban_rail,37.55301784,126.9697643,KRIC_전체_도시철도역사정보_20260228
S410,서울대벤처타운,수도권 경량도시철도 신림선,urban_rail,37.47204068,126.933976556,KRIC_전체_도시철도역사정보_20260228
0228,서울대입구(관악구청),2호선,urban_rail,37.481233,126.952745,KRIC_전체_도시철도역사정보_20260228
1847,서울숲,분당선,urban_rail,37.543647,127.044686,KRIC_전체_도시철도역사정보_20260228
1251,서울역(경의선),경의중앙선,urban_rail,37.556713,126.97138700000001,KRIC_전체_도시철도역사정보_20260228
S403,서울지방병무청,수도권 경량도시철도 신림선,urban_rail,37.50604687,126.922783404,KRIC_전체_도시철도역사정보_20260228
S409,서원,수도권 경량도시철도 신림선,urban_rail,37.47827336,126.933228219,KRIC_전체_도시철도역사정보_20260228
1722,서정리,경부선,urban_rail,37.056459,127.052844,KRIC_전체_도시철도역사정보_20260228
0224,서초,2호선,urban_rail,37.49191,127.007685,KRIC_전체_도시철도역사정보_20260228
1855,서현,분당선,urban_rail,37.384931,127.123249,KRIC_전체_도시철도역사정보_20260228
1018,석계,경원선,urban_rail,37.615206,127.065594,KRIC_전체_도시철도역사정보_20260228
0644,석계,6호선,urban_rail,37.614937,127.065922,KRIC_전체_도시철도역사정보_20260228
3763,석남(거북시장),도시철도 7호선,urban_rail,37.506208,126.676213,KRIC_전체_도시철도역사정보_20260228
3213,석남(거북시장),인천지하철 2호선,urban_rail,37.507211,126.676304,KRIC_전체_도시철도역사정보_20260228
0410,석대,부산 경량도시철도 4호선,urban_rail,35.21825,129.13717,KRIC_전체_도시철도역사정보_20260228
3220,석바위시장,인천지하철 2호선,urban_rail,37.457659,126.692387,KRIC_전체_도시철도역사정보_20260228
1704,석수,경부선,urban_rail,37.435161,126.902233,KRIC_전체_도시철도역사정보_20260228
3222,석천사거리,인천지하철 2호선,urban_rail,37.4569323,126.710383,KRIC_전체_도시철도역사정보_20260228
0815,석촌,8호선,urban_rail,37.505396,127.106995,KRIC_전체_도시철도역사정보_20260228
4133,석촌,수도권 도시철도 9호선,urban_rail,37.505078,127.106944,KRIC_전체_도시철도역사정보_20260228
4132,석촌고분,수도권 도시철도 9호선,urban_rail,37.502439,127.096611,KRIC_전체_도시철도역사정보_20260228
0220,선릉,2호선,urban_rail,37.504257,127.048174,KRIC_전체_도시철도역사정보_20260228
1023,선릉,분당선,urban_rail,37.504479,127.048941,KRIC_전체_도시철도역사정보_20260228
1450,선바위,안산과천선,urban_rail,37.451854,127.002164,KRIC_전체_도시철도역사정보_20260228
4812,선부,서해선,urban_rail,37.33459,126.81,KRIC_전체_도시철도역사정보_20260228
4112,선유도,서울 도시철도 9호선,urban_rail,37.537778,126.893889,KRIC_전체_도시철도역사정보_20260228
4127,선정릉,수도권 도시철도 9호선,urban_rail,37.51028,127.0437593,KRIC_전체_도시철도역사정보_20260228
1850,선정릉,분당선,urban_rail,37.510775,127.043717,KRIC_전체_도시철도역사정보_20260228
3128,선학,인천지하철 1호선,urban_rail,37.426985,126.698872,KRIC_전체_도시철도역사정보_20260228
0115,설화명곡,대구 도시철도 1호선,urban_rail,35.7986179,128.4893927,KRIC_전체_도시철도역사정보_20260228
1711,성균관대,경부선,urban_rail,37.300344,126.970861,KRIC_전체_도시철도역사정보_20260228
1512,성남,경강선,urban_rail,37.394709,127.11949,KRIC_전체_도시철도역사정보_20260228
D016,성복,신분당선,urban_rail,37.31374251,127.08057578,KRIC_전체_도시철도역사정보_20260228
0221,성서산업단지,대구 도시철도 2호선,urban_rail,35.8518236,128.5071662,KRIC_전체_도시철도역사정보_20260228
0211,성수,2호선,urban_rail,37.544628,127.055983,KRIC_전체_도시철도역사정보_20260228
S120,성신여대입구,우이신설선,urban_rail,37.59247,127.01656,KRIC_전체_도시철도역사정보_20260228
0418,성신여대입구(돈암),4호선,urban_rail,37.592882,127.016908,KRIC_전체_도시철도역사정보_20260228
1725,성환,경부선,urban_rail,36.915781,127.127007,KRIC_전체_도시철도역사정보_20260228
1715,세류,경부선,urban_rail,37.244102,127.013772,KRIC_전체_도시철도역사정보_20260228
1717,세마,경부선,urban_rail,37.187288,127.043279,KRIC_전체_도시철도역사정보_20260228
1510,세종대왕릉,경강선,urban_rail,37.293636,127.570764,KRIC_전체_도시철도역사정보_20260228
8008,센텀,동해선,urban_rail,35.1793,129.1245,KRIC_전체_도시철도역사정보_20260228
0206,센텀시티,부산 도시철도 2호선,urban_rail,35.16892,129.131764,KRIC_전체_도시철도역사정보_20260228
3137,센트럴파크,인천지하철 1호선,urban_rail,37.392833,126.635002,KRIC_전체_도시철도역사정보_20260228
1880,소래포구,수인선,urban_rail,37.400963,126.733533,KRIC_전체_도시철도역사정보_20260228
4804,소사,서해선·경인선,urban_rail,37.482755,126.7950654,KRIC_전체_도시철도역사정보_20260228
4805,소새울,서해선,urban_rail,37.4685046,126.797228,KRIC_전체_도시철도역사정보_20260228
1916,소요산,경원선,urban_rail,37.948608,127.061007,KRIC_전체_도시철도역사정보_20260228
101,소태,광주도시철도 1호선,urban_rail,35.124108,126.932013,KRIC_전체_도시철도역사정보_20260228
S111,솔밭공원,우이신설선,urban_rail,37.65607,127.01326,KRIC_전체_도시철도역사정보_20260228
S117,솔샘,우이신설선,urban_rail,37.62037,127.01357,KRIC_전체_도시철도역사정보_20260228
1805,송내,경인선,urban_rail,37.487626,126.753045,KRIC_전체_도시철도역사정보_20260228
1886,송도,수인선,urban_rail,37.429714,126.654486,KRIC_전체_도시철도역사정보_20260228
3139,송도달빛축제공원,인천지하철 1호선,urban_rail,37.40687495,126.6260537,KRIC_전체_도시철도역사정보_20260228
U124,송산,의정부,urban_rail,37.7371698,127.0872755,KRIC_전체_도시철도역사정보_20260228
0513,송정,5호선,urban_rail,37.561201,126.812052,KRIC_전체_도시철도역사정보_20260228
8011,송정,동해선,urban_rail,35.187832,129.202069,KRIC_전체_도시철도역사정보_20260228
116,송정공원,광주도시철도 1호선,urban_rail,35.143565,126.799245,KRIC_전체_도시철도역사정보_20260228
1721,송탄,경부선,urban_rail,37.075376,127.054397,KRIC_전체_도시철도역사정보_20260228
0816,송파,8호선,urban_rail,37.49978,127.11212,KRIC_전체_도시철도역사정보_20260228
4134,송파나루,수도권 도시철도 9호선,urban_rail,37.51055,127.112451,KRIC_전체_도시철도역사정보_20260228
0122,송현,대구 도시철도 1호선,urban_rail,35.831092,128.551755,KRIC_전체_도시철도역사정보_20260228
1856,수내,분당선,urban_rail,37.378435,127.114216,KRIC_전체_도시철도역사정보_20260228
0711,수락산,7호선,urban_rail,37.677804,127.055314,KRIC_전체_도시철도역사정보_20260228
0017,수로왕릉,부산김해경전철,urban_rail,35.2328215,128.8721409,KRIC_전체_도시철도역사정보_20260228
1763,수리산,안산과천선,urban_rail,37.350297,126.925537,KRIC_전체_도시철도역사정보_20260228
1267,수색,경의중앙선,urban_rail,37.580855,126.895681,KRIC_전체_도시철도역사정보_20260228
0349,수서,3호선,urban_rail,37.4875,127.101924,KRIC_전체_도시철도역사정보_20260228
1030,수서,분당선,urban_rail,37.487633,127.101118,KRIC_전체_도시철도역사정보_20260228
0335,수성구민운동장,대구 도시철도 3호선,urban_rail,35.85240979,128.6251246,KRIC_전체_도시철도역사정보_20260228
0234,수성구청(KBS),대구 도시철도 2호선,urban_rail,35.85874022,128.6359517,KRIC_전체_도시철도역사정보_20260228
0338,수성못(TBC),대구 도시철도 3호선,urban_rail,35.83135605,128.6232167,KRIC_전체_도시철도역사정보_20260228
0334,수성시장,대구 도시철도 3호선,urban_rail,35.85431676,128.6160292,KRIC_전체_도시철도역사정보_20260228
0238,수성알파시티(삼성라이온즈파크),대구 도시철도 2호선,urban_rail,35.842718,128.67999,KRIC_전체_도시철도역사정보_20260228
0403,수안,부산 경량도시철도 4호선,urban_rail,35.20183,129.08378,KRIC_전체_도시철도역사정보_20260228
0208,수영,부산 도시철도 2호선,urban_rail,35.16578,129.114842,KRIC_전체_도시철도역사정보_20260228
0301,수영,부산 도시철도 3호선,urban_rail,35.16775,129.11458,KRIC_전체_도시철도역사정보_20260228
1713,수원,경부선,urban_rail,37.266162,126.999821,KRIC_전체_도시철도역사정보_20260228
1871,수원시청,분당선,urban_rail,37.261941,127.030736,KRIC_전체_도시철도역사정보_20260228
1846,수원역(분당),분당선,urban_rail,37.266162,127.000082,KRIC_전체_도시철도역사정보_20260228
0414,수유(강북구청),4호선,urban_rail,37.637727,127.025371,KRIC_전체_도시철도역사정보_20260228
0234,수정,부산 도시철도 2호선,urban_rail,35.22336,129.00922,KRIC_전체_도시철도역사정보_20260228
D015,수지구청,신분당선,urban_rail,37.32250096,127.09477813,KRIC_전체_도시철도역사정보_20260228
0826,수진,8호선,urban_rail,37.437575,127.140936,KRIC_전체_도시철도역사정보_20260228
0427,숙대입구(갈월),4호선,urban_rail,37.5447834,126.9721,KRIC_전체_도시철도역사정보_20260228
0312,숙등,부산 도시철도 3호선,urban_rail,35.21197,129.01275,KRIC_전체_도시철도역사정보_20260228
0738,숭실대입구(살피재),7호선,urban_rail,37.496258,126.953649,KRIC_전체_도시철도역사정보_20260228
1889,숭의,수인선,urban_rail,37.460891,126.638035,KRIC_전체_도시철도역사정보_20260228
3219,시민공원,인천지하철 2호선,urban_rail,37.458339,126.6810091,KRIC_전체_도시철도역사정보_20260228
4814,시우,서해선,urban_rail,37.3130967,126.795503,KRIC_전체_도시철도역사정보_20260228
0132,시청,1호선,urban_rail,37.565211,126.977207,KRIC_전체_도시철도역사정보_20260228
0111,시청,대전 도시철도 1호선,urban_rail,36.351673,127.386739,KRIC_전체_도시철도역사정보_20260228
0201,시청,2호선,urban_rail,37.563534,126.975271,KRIC_전체_도시철도역사정보_20260228
Y117,시청·용인대,에버라인,urban_rail,37.23944203,127.1788851,KRIC_전체_도시철도역사정보_20260228
0122,시청(연제),부산 도시철도 1호선,urban_rail,35.17972,129.07667,KRIC_전체_도시철도역사정보_20260228
4810,시흥능곡,서해선,urban_rail,37.3699903,126.808594,KRIC_전체_도시철도역사정보_20260228
4806,시흥대야,서해선,urban_rail,37.4504787,126.793142,KRIC_전체_도시철도역사정보_20260228
4809,시흥시청,서해선,urban_rail,37.3814109,126.805946,KRIC_전체_도시철도역사정보_20260228
1864,신갈,분당선,urban_rail,37.286127,127.111311,KRIC_전체_도시철도역사정보_20260228
3108,신검단중앙,인천지하철 1호선,urban_rail,37.6026,126.698611,KRIC_전체_도시철도역사정보_20260228
0538,신금호,5호선,urban_rail,37.554504,127.020403,KRIC_전체_도시철도역사정보_20260228
0143,신기,대구 도시철도 1호선,urban_rail,35.866761,128.701724,KRIC_전체_도시철도역사정보_20260228
1032,신길,경부선,urban_rail,37.517018,126.917743,KRIC_전체_도시철도역사정보_20260228
0525,신길,5호선,urban_rail,37.51763,126.914886,KRIC_전체_도시철도역사정보_20260228
0648,신내,6호선,urban_rail,37.612571,127.104326,KRIC_전체_도시철도역사정보_20260228
1311,신내,경춘선,urban_rail,37.612855,127.103277,KRIC_전체_도시철도역사정보_20260228
4125,신논현,서울 도시철도 9호선,urban_rail,37.504444,127.024417,KRIC_전체_도시철도역사정보_20260228
D006,신논현,신분당선,urban_rail,37.50405543,127.0247306,KRIC_전체_도시철도역사정보_20260228
2112,신답,2호선,urban_rail,37.569847,127.047048,KRIC_전체_도시철도역사정보_20260228
0206,신당,2호선,urban_rail,37.565675,127.0194259,KRIC_전체_도시철도역사정보_20260228
0635,신당,6호선,urban_rail,37.566174,127.016158,KRIC_전체_도시철도역사정보_20260228
0231,신대방,2호선,urban_rail,37.487604,126.913479,KRIC_전체_도시철도역사정보_20260228
0741,신대방삼거리,7호선,urban_rail,37.499717,126.928218,KRIC_전체_도시철도역사정보_20260228
1007,신도림,경부선,urban_rail,37.508983,126.891513,KRIC_전체_도시철도역사정보_20260228
0234,신도림,2호선,urban_rail,37.508815,126.891222,KRIC_전체_도시철도역사정보_20260228
1507,신둔도예촌,경강선,urban_rail,37.315499,127.405251,KRIC_전체_도시철도역사정보_20260228
0230,신림,2호선,urban_rail,37.484216,126.929573,KRIC_전체_도시철도역사정보_20260228
S408,신림,수도권 경량도시철도 신림선,urban_rail,37.484890755,126.92960992,KRIC_전체_도시철도역사정보_20260228
0240,신매,대구 도시철도 2호선,urban_rail,35.8408,128.705,KRIC_전체_도시철도역사정보_20260228
4111,신목동,서울 도시철도 9호선,urban_rail,37.544167,126.883056,KRIC_전체_도시철도역사정보_20260228
4122,신반포,서울 도시철도 9호선,urban_rail,37.5035033,126.996044,KRIC_전체_도시철도역사정보_20260228
4104,신방화,서울 도시철도 9호선,urban_rail,37.5675,126.816667,KRIC_전체_도시철도역사정보_20260228
0337,신사,3호선,urban_rail,37.516438,127.020247,KRIC_전체_도시철도역사정보_20260228
D004,신사,신분당선,urban_rail,37.51612526,127.0195609,KRIC_전체_도시철도역사정보_20260228
0126,신설동,1호선,urban_rail,37.576117,127.02471,KRIC_전체_도시철도역사정보_20260228
2114,신설동,2호선,urban_rail,37.574653,127.025158,KRIC_전체_도시철도역사정보_20260228
S122,신설동,우이신설선,urban_rail,37.57659,127.023221,KRIC_전체_도시철도역사정보_20260228
3129,신연수,인천지하철 1호선,urban_rail,37.418032,126.693853,KRIC_전체_도시철도역사정보_20260228
0429,신용산,4호선,urban_rail,37.52909,126.96788,KRIC_전체_도시철도역사정보_20260228
1213,신원,경의중앙선,urban_rail,37.525921,127.372745,KRIC_전체_도시철도역사정보_20260228
1017,신이문,경원선,urban_rail,37.601829,127.067347,KRIC_전체_도시철도역사정보_20260228
0098,신장림,부산 도시철도 1호선,urban_rail,35.074222,128.976538,KRIC_전체_도시철도역사정보_20260228
0519,신정(은행정),5호선,urban_rail,37.525001,126.856176,KRIC_전체_도시철도역사정보_20260228
2343,신정네거리,2호선,urban_rail,37.520218,126.852849,KRIC_전체_도시철도역사정보_20260228
3756,신중동,도시철도 7호선,urban_rail,37.503081,126.776161,KRIC_전체_도시철도역사정보_20260228
1408,신창(순천향대),장항선,urban_rail,36.769213,126.950129,KRIC_전체_도시철도역사정보_20260228
4807,신천,서해선,urban_rail,37.4391147,126.786835,KRIC_전체_도시철도역사정보_20260228
0134,신천(경북대입구),대구 도시철도 1호선,urban_rail,35.874527,128.617244,KRIC_전체_도시철도역사정보_20260228
1252,신촌,경의중앙선,urban_rail,37.559768,126.942308,KRIC_전체_도시철도역사정보_20260228
0240,신촌(지하),2호선,urban_rail,37.555153,126.93689,KRIC_전체_도시철도역사정보_20260228
0101,신평,부산 도시철도 1호선,urban_rail,35.09556,128.96056,KRIC_전체_도시철도역사정보_20260228
1890,신포,수인선,urban_rail,37.468442,126.624509,KRIC_전체_도시철도역사정보_20260228
0743,신풍,7호선,urban_rail,37.500107,126.909806,KRIC_전체_도시철도역사정보_20260228
8010,신해운대,동해선,urban_rail,35.181832,129.176696,KRIC_전체_도시철도역사정보_20260228
4808,신현,서해선,urban_rail,37.4091399,126.78788,KRIC_전체_도시철도역사정보_20260228
0102,신흥,대전 도시철도 1호선,urban_rail,36.319652,127.448792,KRIC_전체_도시철도역사정보_20260228
0825,신흥,8호선,urban_rail,37.440952,127.14759,KRIC_전체_도시철도역사정보_20260228
0413,쌍문,4호선,urban_rail,37.648274,127.034381,KRIC_전체_도시철도역사정보_20260228
1402,쌍용(나사렛대),장항선,urban_rail,36.793745,127.121363,KRIC_전체_도시철도역사정보_20260228
111,쌍촌,광주도시철도 1호선,urban_rail,35.151793,126.869519,KRIC_전체_도시철도역사정보_20260228
3109,"아라(북부법원, 검찰청)",인천지하철 1호선,urban_rail,37.592222,126.713333,KRIC_전체_도시철도역사정보_20260228
1403,아산,장항선,urban_rail,36.792195,127.104384,KRIC_전체_도시철도역사정보_20260228
3209,아시아드경기장,인천지하철 2호선,urban_rail,37.551373,126.677075,KRIC_전체_도시철도역사정보_20260228
1215,아신,경의중앙선,urban_rail,37.513954,127.443238,KRIC_전체_도시철도역사정보_20260228
0137,아양교(대구국제공항입구),대구 도시철도 1호선,urban_rail,35.887208,128.639572,KRIC_전체_도시철도역사정보_20260228
0545,아차산(어린이대공원후문),5호선,urban_rail,37.552005,127.089609,KRIC_전체_도시철도역사정보_20260228
0242,아현,2호선,urban_rail,37.557407,126.956079,KRIC_전체_도시철도역사정보_20260228
0328,안국,3호선,urban_rail,37.576562,126.98547,KRIC_전체_도시철도역사정보_20260228
8006,안락,동해선,urban_rail,35.196007,129.101062,KRIC_전체_도시철도역사정보_20260228
1759,안산,안산과천선·수인선,urban_rail,37.327006,126.788748,KRIC_전체_도시철도역사정보_20260228
0146,안심(혁신도시·첨복단지),대구 도시철도 1호선,urban_rail,35.8712,128.7338,KRIC_전체_도시철도역사정보_20260228
0639,안암(고대병원앞),6호선,urban_rail,37.586261,127.02903,KRIC_전체_도시철도역사정보_20260228
1706,안양,경부선,urban_rail,37.401929,126.922647,KRIC_전체_도시철도역사정보_20260228
0125,안지랑,대구 도시철도 1호선,urban_rail,35.8392,128.574,KRIC_전체_도시철도역사정보_20260228
0414,안평,부산 경량도시철도 4호선,urban_rail,35.23733,129.17183,KRIC_전체_도시철도역사정보_20260228
0810,암사,8호선,urban_rail,37.550127,127.127521,KRIC_전체_도시철도역사정보_20260228
0809,암사역사공원,8호선,urban_rail,37.557167,127.137556,KRIC_전체_도시철도역사정보_20260228
0336,압구정,3호선,urban_rail,37.526169,127.028502,KRIC_전체_도시철도역사정보_20260228
1848,압구정로데오,분당선,urban_rail,37.527385,127.040555,KRIC_전체_도시철도역사정보_20260228
0530,애오개,5호선,urban_rail,37.553592,126.956733,KRIC_전체_도시철도역사정보_20260228
1277,야당,경의중앙선,urban_rail,37.712749,126.761535,KRIC_전체_도시철도역사정보_20260228
1876,야목,수인선,urban_rail,37.261211,126.884029,KRIC_전체_도시철도역사정보_20260228
1854,야탑,분당선,urban_rail,37.41132,127.128661,KRIC_전체_도시철도역사정보_20260228
0333,약수,3호선,urban_rail,37.554554,127.010858,KRIC_전체_도시철도역사정보_20260228
0633,약수,6호선,urban_rail,37.554087,127.010237,KRIC_전체_도시철도역사정보_20260228
107,양동시장,광주도시철도 1호선,urban_rail,35.154176,126.901089,KRIC_전체_도시철도역사정보_20260228
0243,양산,부산 도시철도 2호선,urban_rail,35.33851,129.02643,KRIC_전체_도시철도역사정보_20260228
1212,양수,경의중앙선,urban_rail,37.545998,127.328948,KRIC_전체_도시철도역사정보_20260228
1204,양원,경의중앙선,urban_rail,36.963729,129.091321,KRIC_전체_도시철도역사정보_20260228
0342,양재(서초구청),3호선,urban_rail,37.48458,127.03423,KRIC_전체_도시철도역사정보_20260228
D008,양재(서초구청),신분당선,urban_rail,37.48445352,127.0340995,KRIC_전체_도시철도역사정보_20260228
D009,양재시민의숲(매헌),신분당선,urban_rail,37.47096388,127.0384203,KRIC_전체_도시철도역사정보_20260228
0121,양정,부산 도시철도 1호선,urban_rail,35.17304,129.07119,KRIC_전체_도시철도역사정보_20260228
1207,양정,경의중앙선,urban_rail,37.604269,127.194602,KRIC_전체_도시철도역사정보_20260228
1909,양주,경원선,urban_rail,37.774281,127.044719,KRIC_전체_도시철도역사정보_20260228
2342,양천구청,2호선,urban_rail,37.5123294,126.865593,KRIC_전체_도시철도역사정보_20260228
4106,양천향교,서울 도시철도 9호선,urban_rail,37.568333,126.841389,KRIC_전체_도시철도역사정보_20260228
G100,양촌,김포도시철도,urban_rail,37.641639,126.614694,KRIC_전체_도시철도역사정보_20260228
0522,양평,5호선,urban_rail,37.525614,126.886177,KRIC_전체_도시철도역사정보_20260228
1217,양평,경의중앙선,urban_rail,37.492674,127.491858,KRIC_전체_도시철도역사정보_20260228
U123,어룡,의정부,urban_rail,37.74272184,127.0852045,KRIC_전체_도시철도역사정보_20260228
0726,어린이대공원(세종대),7호선,urban_rail,37.547962,127.07465,KRIC_전체_도시철도역사정보_20260228
0336,어린이세상,대구 도시철도 3호선,urban_rail,35.84516989,128.6244677,KRIC_전체_도시철도역사정보_20260228
Y113,어정,에버라인,urban_rail,37.27495132,127.1437499,KRIC_전체_도시철도역사정보_20260228
1875,어천,수인선,urban_rail,37.250076,126.908805,KRIC_전체_도시철도역사정보_20260228
4126,언주,수도권 도시철도 9호선,urban_rail,37.507287,127.033868,KRIC_전체_도시철도역사정보_20260228
0527,여의나루,5호선,urban_rail,37.527045,126.932807,KRIC_전체_도시철도역사정보_20260228
0526,여의도,5호선,urban_rail,37.521678,126.924318,KRIC_전체_도시철도역사정보_20260228
4115,여의도,서울 도시철도 9호선,urban_rail,37.521744,126.924167,KRIC_전체_도시철도역사정보_20260228
1511,여주,경강선,urban_rail,37.282881,127.628571,KRIC_전체_도시철도역사정보_20260228
1803,역곡,경인선,urban_rail,37.48514,126.811622,KRIC_전체_도시철도역사정보_20260228
0221,역삼,2호선,urban_rail,37.500658,127.03643,KRIC_전체_도시철도역사정보_20260228
0611,역촌,6호선,urban_rail,37.60605,126.922764,KRIC_전체_도시철도역사정보_20260228
0123,연산,부산 도시철도 1호선,urban_rail,35.18611,129.08167,KRIC_전체_도시철도역사정보_20260228
0305,연산,부산 도시철도 3호선,urban_rail,35.18614,129.08147,KRIC_전체_도시철도역사정보_20260228
1885,연수,수인선,urban_rail,37.417769,126.678991,KRIC_전체_도시철도역사정보_20260228
0321|0614,연신내,3호선·6호선,urban_rail,37.619295,126.920959,KRIC_전체_도시철도역사정보_20260228
0019,연지공원,부산김해경전철,urban_rail,35.24965763,128.8692908,KRIC_전체_도시철도역사정보_20260228
1919,연천,경원선,urban_rail,38.100485,127.07368,KRIC_전체_도시철도역사정보_20260228
0237,연호,대구 도시철도 2호선,urban_rail,35.8465,128.67185,KRIC_전체_도시철도역사정보_20260228
4110,염창,서울 도시철도 9호선,urban_rail,37.546944,126.874722,KRIC_전체_도시철도역사정보_20260228
0244,영남대,대구 도시철도 2호선,urban_rail,35.836373,128.752966,KRIC_전체_도시철도역사정보_20260228
0127,영대병원,대구 도시철도 1호선,urban_rail,35.8442516,128.5882407,KRIC_전체_도시철도역사정보_20260228
1006,영등포,경부선,urban_rail,37.515756,126.907411,KRIC_전체_도시철도역사정보_20260228
0236,영등포구청,2호선,urban_rail,37.525766,126.896627,KRIC_전체_도시철도역사정보_20260228
0523,영등포구청,5호선,urban_rail,37.524209,126.895022,KRIC_전체_도시철도역사정보_20260228
0524,영등포시장,5호선,urban_rail,37.52276,126.905143,KRIC_전체_도시철도역사정보_20260228
0411,영산대,부산 경량도시철도 4호선,urban_rail,35.22578,129.14617,KRIC_전체_도시철도역사정보_20260228
A072,영종,인천국제공항선,urban_rail,37.51209814,126.5242471,KRIC_전체_도시철도역사정보_20260228
1868,영통,분당선,urban_rail,37.251521,127.071341,KRIC_전체_도시철도역사정보_20260228
3125,예술회관,인천지하철 1호선,urban_rail,37.449334,126.700991,KRIC_전체_도시철도역사정보_20260228
0352|P552,오금,3호선·5호선,urban_rail,37.502288,127.128344,KRIC_전체_도시철도역사정보_20260228
0406,오남,진접선,urban_rail,37.7054056,127.191644,KRIC_전체_도시철도역사정보_20260228
0108,오룡,대전 도시철도 1호선,urban_rail,36.328582,127.405046,KRIC_전체_도시철도역사정보_20260228
1802,오류동,경인선,urban_rail,37.4944,126.844551,KRIC_전체_도시철도역사정보_20260228
1859,오리,분당선,urban_rail,37.339832,127.108985,KRIC_전체_도시철도역사정보_20260228
0521,오목교(목동운동장앞),5호선,urban_rail,37.524557,126.875049,KRIC_전체_도시철도역사정보_20260228
1874,오목천,수인선,urban_rail,37.243011,126.9636354,KRIC_전체_도시철도역사정보_20260228
1216,오빈,경의중앙선,urban_rail,37.506061,127.474053,KRIC_전체_도시철도역사정보_20260228
1719,오산,경부선,urban_rail,37.145472,127.066708,KRIC_전체_도시철도역사정보_20260228
1718,오산대,경부선,urban_rail,37.169401,127.063081,KRIC_전체_도시철도역사정보_20260228
8012,오시리아,동해선,urban_rail,35.196256,129.208291,KRIC_전체_도시철도역사정보_20260228
1762,오이도,안산과천선·수인선,urban_rail,37.361773,126.738437,KRIC_전체_도시철도역사정보_20260228
0335,옥수,3호선,urban_rail,37.541653,127.017303,KRIC_전체_도시철도역사정보_20260228
1011,옥수,경원선,urban_rail,37.540514,127.018698,KRIC_전체_도시철도역사정보_20260228
1821,온수,경인선,urban_rail,37.492267,126.823399,KRIC_전체_도시철도역사정보_20260228
0750,온수(성공회대입구),7호선,urban_rail,37.492059,126.823294,KRIC_전체_도시철도역사정보_20260228
1407,온양온천,장항선,urban_rail,36.780419,127.003707,KRIC_전체_도시철도역사정보_20260228
0127,온천장,부산 도시철도 1호선,urban_rail,35.22056,129.08667,KRIC_전체_도시철도역사정보_20260228
P550,올림픽공원(한국체대),5호선,urban_rail,37.516217,127.130957,KRIC_전체_도시철도역사정보_20260228
4136,올림픽공원(한국체대),수도권 도시철도 9호선,urban_rail,37.516111,127.130333,KRIC_전체_도시철도역사정보_20260228
3205,완정,인천지하철 2호선,urban_rail,37.592867,126.672961,KRIC_전체_도시철도역사정보_20260228
3202,왕길,인천지하철 2호선,urban_rail,37.5950191,126.642284,KRIC_전체_도시철도역사정보_20260228
1013,왕십리,분당선·경원선,urban_rail,37.5610128,127.038705,KRIC_전체_도시철도역사정보_20260228
0208|0540,왕십리(성동구청),2호선·5호선,urban_rail,37.561289,127.0370615,KRIC_전체_도시철도역사정보_20260228
7004,왜관,대경선,urban_rail,35.991821,128.400391,KRIC_전체_도시철도역사정보_20260228
1016,외대앞,경원선,urban_rail,37.596157,127.063572,KRIC_전체_도시철도역사정보_20260228
0141,용계,대구 도시철도 1호선,urban_rail,35.876256,128.681414,KRIC_전체_도시철도역사정보_20260228
2111,용답,2호선,urban_rail,37.562066,127.05087863,KRIC_전체_도시철도역사정보_20260228
2113,용두(동대문구청),2호선,urban_rail,37.574012,127.03811,KRIC_전체_도시철도역사정보_20260228
0723,용마산(용마폭포공원),7호선,urban_rail,37.573752,127.086802,KRIC_전체_도시철도역사정보_20260228
0109,용문,대전 도시철도 1호선,urban_rail,36.338252,127.393317,KRIC_전체_도시철도역사정보_20260228
1219,용문,경의중앙선,urban_rail,37.482085,127.594251,KRIC_전체_도시철도역사정보_20260228
1003,용산,경부선·경원선,urban_rail,37.52989,126.964775,KRIC_전체_도시철도역사정보_20260228
0223,용산(서부법원․검찰청입구),대구 도시철도 2호선,urban_rail,35.84912,128.5287686,KRIC_전체_도시철도역사정보_20260228
106,용유,자기부상철도,urban_rail,37.424805,126.423637,KRIC_전체_도시철도역사정보_20260228
Y120,용인중앙시장(용인예술과학대),에버라인,urban_rail,37.2379113,127.2090526,KRIC_전체_도시철도역사정보_20260228
0341,용지,대구 도시철도 3호선,urban_rail,35.8182678,128.6465345,KRIC_전체_도시철도역사정보_20260228
0516,우장산,5호선,urban_rail,37.548864,126.83633,KRIC_전체_도시철도역사정보_20260228
1211,운길산,경의중앙선,urban_rail,37.554659,127.310089,KRIC_전체_도시철도역사정보_20260228
A08,운서,인천국제공항선,urban_rail,37.49284463,126.4936619,KRIC_전체_도시철도역사정보_20260228
G104,운양,김포도시철도,urban_rail,37.653861,126.683833,KRIC_전체_도시철도역사정보_20260228
3227,운연,인천지하철 2호선,urban_rail,37.439533,126.759609,KRIC_전체_도시철도역사정보_20260228
1278,운정,경의중앙선,urban_rail,37.725441000000004,126.767076,KRIC_전체_도시철도역사정보_20260228
112,운천,광주도시철도 1호선,urban_rail,35.150486,126.858694,KRIC_전체_도시철도역사정보_20260228
1286,운천,경의중앙선,urban_rail,37.880008,126.769713,KRIC_전체_도시철도역사정보_20260228
105,워터파크,자기부상철도,urban_rail,37.429227,126.434183,KRIC_전체_도시철도역사정보_20260228
1951,원당,일산선,urban_rail,37.653103,126.842891,KRIC_전체_도시철도역사정보_20260228
0325,원대,대구 도시철도 3호선,urban_rail,35.887886,128.574392,KRIC_전체_도시철도역사정보_20260228
1218,원덕,경의중앙선,urban_rail,37.468585,127.547468,KRIC_전체_도시철도역사정보_20260228
4815,원시,서해선,urban_rail,37.302654,126.7867897,KRIC_전체_도시철도역사정보_20260228
3130,원인재,인천지하철 1호선,urban_rail,37.412364,126.687893,KRIC_전체_도시철도역사정보_20260228
1884,원인재,수인선,urban_rail,37.412921,126.686952,KRIC_전체_도시철도역사정보_20260228
1981,원종,서해선,urban_rail,37.5240628,126.8048386,KRIC_전체_도시철도역사정보_20260228
1948,원흥,일산선,urban_rail,37.650709,126.873239,KRIC_전체_도시철도역사정보_20260228
1020,월계,경원선,urban_rail,37.633114,127.058835,KRIC_전체_도시철도역사정보_20260228
0641,월곡(동덕여대),6호선,urban_rail,37.60192,127.041492,KRIC_전체_도시철도역사정보_20260228
1879,월곶,수인선,urban_rail,37.39189,126.742741,KRIC_전체_도시철도역사정보_20260228
8017,월내,동해선,urban_rail,35.328177,129.276626,KRIC_전체_도시철도역사정보_20260228
0119,월드컵경기장,대전 도시철도 1호선,urban_rail,36.366825,127.317859,KRIC_전체_도시철도역사정보_20260228
0619,월드컵경기장(성산),6호선,urban_rail,37.569439,126.899077,KRIC_전체_도시철도역사정보_20260228
1282,월롱,경의중앙선,urban_rail,37.796201,126.792574,KRIC_전체_도시철도역사정보_20260228
0119,월배,대구 도시철도 1호선,urban_rail,35.816123,128.530119,KRIC_전체_도시철도역사정보_20260228
0121,월촌,대구 도시철도 1호선,urban_rail,35.823695,128.545465,KRIC_전체_도시철도역사정보_20260228
0114,월평,대전 도시철도 1호선,urban_rail,36.358272,127.364382,KRIC_전체_도시철도역사정보_20260228
0412,윗반송,부산 경량도시철도 4호선,urban_rail,35.2325,129.15403,KRIC_전체_도시철도역사정보_20260228
0116,유성온천,대전 도시철도 1호선,urban_rail,36.353689,127.341524,KRIC_전체_도시철도역사정보_20260228
0236,율리,부산 도시철도 2호선,urban_rail,35.24672,129.01292,KRIC_전체_도시철도역사정보_20260228
0142,율하,대구 도시철도 1호선,urban_rail,35.869751,128.692775,KRIC_전체_도시철도역사정보_20260228
0203,을지로3가,2호선,urban_rail,37.566292,126.990873,KRIC_전체_도시철도역사정보_20260228
0330,을지로3가,3호선,urban_rail,37.566299,126.992616,KRIC_전체_도시철도역사정보_20260228
0204,을지로4가,2호선,urban_rail,37.566611,126.997622,KRIC_전체_도시철도역사정보_20260228
0535,을지로4가,5호선,urban_rail,37.56728,126.998127,KRIC_전체_도시철도역사정보_20260228
0202,을지로입구,2호선,urban_rail,37.565998,126.982569,KRIC_전체_도시철도역사정보_20260228
1012,응봉,경원선,urban_rail,37.550433,127.034824,KRIC_전체_도시철도역사정보_20260228
0610,응암,6호선,urban_rail,37.59859,126.915583,KRIC_전체_도시철도역사정보_20260228
1710,의왕,경부선,urban_rail,37.320648,126.948099,KRIC_전체_도시철도역사정보_20260228
1906,의정부,경원선,urban_rail,37.73873,127.045891,KRIC_전체_도시철도역사정보_20260228
U114,의정부시청,의정부,urban_rail,37.73924874,127.034854,KRIC_전체_도시철도역사정보_20260228
U117,의정부중앙,의정부,urban_rail,37.74371903,127.0496332,KRIC_전체_도시철도역사정보_20260228
0222,이곡,대구 도시철도 2호선,urban_rail,35.85062003,128.5157686,KRIC_전체_도시철도역사정보_20260228
0241,이대,2호선,urban_rail,37.556734,126.945897,KRIC_전체_도시철도역사정보_20260228
1502,이매,경강선,urban_rail,37.394736,127.127048,KRIC_전체_도시철도역사정보_20260228
1860,이매,분당선,urban_rail,37.395846,127.128272,KRIC_전체_도시철도역사정보_20260228
0736,이수,7호선,urban_rail,37.485258,126.981766,KRIC_전체_도시철도역사정보_20260228
1508,이천,경강선,urban_rail,37.264222,127.442135,KRIC_전체_도시철도역사정보_20260228
1008,이촌,경원선,urban_rail,37.522476,126.973816,KRIC_전체_도시철도역사정보_20260228
0430,이촌(국립중앙박물관),4호선,urban_rail,37.52919,126.9679818,KRIC_전체_도시철도역사정보_20260228
0630,이태원,6호선,urban_rail,37.534485,126.994369,KRIC_전체_도시철도역사정보_20260228
1455,인덕원,안산과천선,urban_rail,37.401901,126.976718,KRIC_전체_도시철도역사정보_20260228
0013,인제대,부산김해경전철,urban_rail,35.228099,128.901736,KRIC_전체_도시철도역사정보_20260228
1812|1891,인천,경인선·수인선,urban_rail,37.476364,126.616936,KRIC_전체_도시철도역사정보_20260228
3215,인천가좌,인천지하철 2호선,urban_rail,37.489962,126.675284,KRIC_전체_도시철도역사정보_20260228
A10,인천공항1터미널,인천국제공항선,urban_rail,37.44760672,126.4523433,KRIC_전체_도시철도역사정보_20260228
A11,인천공항2터미널,인천국제공항선,urban_rail,37.46866,126.433415,KRIC_전체_도시철도역사정보_20260228
101,인천국제공항,자기부상철도,urban_rail,37.447222,126.4525,KRIC_전체_도시철도역사정보_20260228
1881,인천논현,수인선,urban_rail,37.400641,126.722495,KRIC_전체_도시철도역사정보_20260228
3226,인천대공원,인천지하철 2호선,urban_rail,37.448475,126.753051,KRIC_전체_도시철도역사정보_20260228
3136,인천대입구,인천지하철 1호선,urban_rail,37.386239,126.639351,KRIC_전체_도시철도역사정보_20260228
3124,인천시청,인천지하철 1호선,urban_rail,37.457615,126.702216,KRIC_전체_도시철도역사정보_20260228
3221,인천시청,인천지하철 2호선,urban_rail,37.456904,126.701523,KRIC_전체_도시철도역사정보_20260228
3126,인천터미널,인천지하철 1호선,urban_rail,37.441917,126.699727,KRIC_전체_도시철도역사정보_20260228
1888,인하대,수인선,urban_rail,37.448191,126.649832,KRIC_전체_도시철도역사정보_20260228
8014,일광,동해선,urban_rail,35.2675565,129.2330307,KRIC_전체_도시철도역사정보_20260228
1275,일산,경의중앙선·서해선,urban_rail,37.682231,126.769521,KRIC_전체_도시철도역사정보_20260228
0348,일원,3호선,urban_rail,37.48389,127.08416,KRIC_전체_도시철도역사정보_20260228
0243,임당,대구 도시철도 2호선,urban_rail,35.834131,128.741076,KRIC_전체_도시철도역사정보_20260228
1285,임진강,경의중앙선,urban_rail,37.888364,126.746777,KRIC_전체_도시철도역사정보_20260228
3113,임학,인천지하철 1호선,urban_rail,37.545058,126.738642,KRIC_전체_도시철도역사정보_20260228
0110,자갈치,부산 도시철도 1호선,urban_rail,35.0975,129.02694,KRIC_전체_도시철도역사정보_20260228
0728,자양(뚝섬한강공원),7호선,urban_rail,37.531558,127.066714,KRIC_전체_도시철도역사정보_20260228
3116,작전,인천지하철 1호선,urban_rail,37.530271,126.722548,KRIC_전체_도시철도역사정보_20260228
0216,잠실(송파구청),2호선,urban_rail,37.513305,127.100129,KRIC_전체_도시철도역사정보_20260228
0814,잠실(송파구청),8호선,urban_rail,37.514649,127.104267,KRIC_전체_도시철도역사정보_20260228
0215,잠실나루,2호선,urban_rail,37.520688,127.103836,KRIC_전체_도시철도역사정보_20260228
0217,잠실새내,2호선,urban_rail,37.511653,127.086224,KRIC_전체_도시철도역사정보_20260228
0338,잠원,3호선,urban_rail,37.512989,127.011613,KRIC_전체_도시철도역사정보_20260228
G103,장기,김포도시철도,urban_rail,37.644028,126.669,KRIC_전체_도시철도역사정보_20260228
102,장기주차장,자기부상철도,urban_rail,37.44385,126.455671,KRIC_전체_도시철도역사정보_20260228
0099,장림,부산 도시철도 1호선,urban_rail,35.081555,128.9773083,KRIC_전체_도시철도역사정보_20260228
0201,장산,부산 도시철도 2호선,urban_rail,35.17,129.17694,KRIC_전체_도시철도역사정보_20260228
0740,장승배기,7호선,urban_rail,37.504845,126.939025,KRIC_전체_도시철도역사정보_20260228
0020,장신대,부산김해경전철,urban_rail,35.25955642,128.8671142,KRIC_전체_도시철도역사정보_20260228
0709,장암,7호선,urban_rail,37.70015,127.053126,KRIC_전체_도시철도역사정보_20260228
808,장자호수공원,8호선,urban_rail,37.587222,127.13793,KRIC_전체_도시철도역사정보_20260228
0129,장전,부산 도시철도 1호선,urban_rail,35.23806,129.08806,KRIC_전체_도시철도역사정보_20260228
0819,장지,8호선,urban_rail,37.478609,127.126229,KRIC_전체_도시철도역사정보_20260228
0543,장한평,5호선,urban_rail,37.561438,127.064601,KRIC_전체_도시철도역사정보_20260228
8007,재송,동해선,urban_rail,35.188,129.120109,KRIC_전체_도시철도역사정보_20260228
1918,전곡,경원선,urban_rail,38.024041,127.071913,KRIC_전체_도시철도역사정보_20260228
Y124,전대·에버랜드,에버라인,urban_rail,37.28541327,127.219509,KRIC_전체_도시철도역사정보_20260228
0218,전포,부산 도시철도 2호선,urban_rail,35.15311,129.06533,KRIC_전체_도시철도역사정보_20260228
S119,정릉,우이신설선,urban_rail,37.60278,127.01345,KRIC_전체_도시철도역사정보_20260228
1956,정발산,일산선,urban_rail,37.659709,126.773254,KRIC_전체_도시철도역사정보_20260228
1454,정부과천청사,안산과천선,urban_rail,37.426445,126.989802,KRIC_전체_도시철도역사정보_20260228
0112,정부청사,대전 도시철도 1호선,urban_rail,36.357661,127.381047,KRIC_전체_도시철도역사정보_20260228
1761,정왕,안산과천선·수인선,urban_rail,37.351816,126.742844,KRIC_전체_도시철도역사정보_20260228
D012,정자,신분당선,urban_rail,37.36750101,127.1084859,KRIC_전체_도시철도역사정보_20260228
1857,정자,분당선,urban_rail,37.366037,127.108091,KRIC_전체_도시철도역사정보_20260228
0242,정평,대구 도시철도 2호선,urban_rail,35.83407,128.728695,KRIC_전체_도시철도역사정보_20260228
0125,제기동,1호선,urban_rail,37.578116,127.034902,KRIC_전체_도시철도역사정보_20260228
1810,제물포,경인선,urban_rail,37.466809,126.657165,KRIC_전체_도시철도역사정보_20260228
0131,종각,1호선,urban_rail,37.570203,126.983116,KRIC_전체_도시철도역사정보_20260228
0130,종로3가,1호선,urban_rail,37.570429,126.992095,KRIC_전체_도시철도역사정보_20260228
0329,종로3가,3호선,urban_rail,37.571537,126.991837,KRIC_전체_도시철도역사정보_20260228
0534,종로3가(탑골공원),5호선,urban_rail,37.572546,126.990447,KRIC_전체_도시철도역사정보_20260228
0129,종로5가,1호선,urban_rail,37.570971,127.0019,KRIC_전체_도시철도역사정보_20260228
0218,종합운동장,2호선,urban_rail,37.511128,127.073841,KRIC_전체_도시철도역사정보_20260228
0307,종합운동장,부산 도시철도 3호선,urban_rail,35.19125,129.0675,KRIC_전체_도시철도역사정보_20260228
4130,종합운동장,수도권 도시철도 9호선,urban_rail,37.511156,127.076917,KRIC_전체_도시철도역사정보_20260228
0116,좌천,부산 도시철도 1호선,urban_rail,35.13417,129.05417,KRIC_전체_도시철도역사정보_20260228
8016,좌천,동해선,urban_rail,35.311838,129.245197,KRIC_전체_도시철도역사정보_20260228
0225,주례,부산 도시철도 2호선,urban_rail,35.1505,129.00306,KRIC_전체_도시철도역사정보_20260228
1809,주안,경인선,urban_rail,37.465041,126.680702,KRIC_전체_도시철도역사정보_20260228
3218,주안,인천지하철 2호선,urban_rail,37.465234,126.679041,KRIC_전체_도시철도역사정보_20260228
3217,주안국가산단,인천지하철 2호선,urban_rail,37.473599,126.681102,KRIC_전체_도시철도역사정보_20260228
1957,주엽,일산선,urban_rail,37.670138,126.761232,KRIC_전체_도시철도역사정보_20260228
0224,죽전,대구 도시철도 2호선,urban_rail,35.8503505,128.537089,KRIC_전체_도시철도역사정보_20260228
1862,죽전,분당선,urban_rail,37.324575,127.107385,KRIC_전체_도시철도역사정보_20260228
0714,중계,7호선,urban_rail,37.645052,127.064084,KRIC_전체_도시철도역사정보_20260228
0724,중곡,7호선,urban_rail,37.565877,127.084291,KRIC_전체_도시철도역사정보_20260228
0106,중구청,대전 도시철도 1호선,urban_rail,36.324831,127.419627,KRIC_전체_도시철도역사정보_20260228
1822,중동,경인선,urban_rail,37.486664,126.764474,KRIC_전체_도시철도역사정보_20260228
0202,중동,부산 도시철도 2호선,urban_rail,35.16669,129.16887,KRIC_전체_도시철도역사정보_20260228
1201,중랑,경의중앙선·경춘선,urban_rail,37.594948,127.076152,KRIC_전체_도시철도역사정보_20260228
0112,중앙,부산 도시철도 1호선,urban_rail,35.10389,129.03639,KRIC_전체_도시철도역사정보_20260228
1756,중앙,안산과천선·수인선,urban_rail,37.316055,126.838532,KRIC_전체_도시철도역사정보_20260228
0131,중앙로,대구 도시철도 1호선,urban_rail,35.870873,128.593888,KRIC_전체_도시철도역사정보_20260228
0105,중앙로,대전 도시철도 1호선,urban_rail,36.328664,127.425842,KRIC_전체_도시철도역사정보_20260228
4138,중앙보훈병원,수도권 도시철도 9호선,urban_rail,37.528807,127.148488,KRIC_전체_도시철도역사정보_20260228
0719,중화,7호선,urban_rail,37.602604,127.079254,KRIC_전체_도시철도역사정보_20260228
4108,증미,서울 도시철도 9호선,urban_rail,37.55785,126.861067,KRIC_전체_도시철도역사정보_20260228
0240,증산,부산 도시철도 2호선,urban_rail,35.30828,129.01028,KRIC_전체_도시철도역사정보_20260228
0617,증산(명지대앞),6호선,urban_rail,37.583989,126.909785,KRIC_전체_도시철도역사정보_20260228
0215,지게골,부산 도시철도 2호선,urban_rail,35.13558,129.07436,KRIC_전체_도시철도역사정보_20260228
0011,지내,부산김해경전철,urban_rail,35.2275,128.923721,KRIC_전체_도시철도역사정보_20260228
0339,지산,대구 도시철도 3호선,urban_rail,35.82515322,128.6319513,KRIC_전체_도시철도역사정보_20260228
Y112,지석,에버라인,urban_rail,37.26973732,127.1363256,KRIC_전체_도시철도역사정보_20260228
3135,지식정보단지,인천지하철 1호선,urban_rail,37.378021,126.645412,KRIC_전체_도시철도역사정보_20260228
0121,지족,대전 도시철도 1호선,urban_rail,36.384106,127.319501,KRIC_전체_도시철도역사정보_20260228
0319|1949,지축,3호선·일산선,urban_rail,37.648151,126.913751,KRIC_전체_도시철도역사정보_20260228
1220,지평,경의중앙선,urban_rail,37.476496,127.629681,KRIC_전체_도시철도역사정보_20260228
1912,지행,경원선,urban_rail,37.892361,127.055734,KRIC_전체_도시철도역사정보_20260228
1726,직산,경부선,urban_rail,36.870921,127.143774,KRIC_전체_도시철도역사정보_20260228
1720,진위,경부선,urban_rail,37.109771,127.062342,KRIC_전체_도시철도역사정보_20260228
0405,진접,진접선,urban_rail,37.720472,127.203167,KRIC_전체_도시철도역사정보_20260228
0118,진천,대구 도시철도 1호선,urban_rail,35.813815,128.522374,KRIC_전체_도시철도역사정보_20260228
0412,창동,4호선,urban_rail,37.653315,127.048304,KRIC_전체_도시철도역사정보_20260228
1022,창동,경원선,urban_rail,37.653181,127.047663,KRIC_전체_도시철도역사정보_20260228
0637,창신,6호선,urban_rail,37.579772,127.015246,KRIC_전체_도시철도역사정보_20260228
1318,천마산,경춘선,urban_rail,37.658995,127.285731,KRIC_전체_도시철도역사정보_20260228
1728,천안,경부선,urban_rail,36.810238,127.146417,KRIC_전체_도시철도역사정보_20260228
0749,천왕,7호선,urban_rail,37.486699,126.838684,KRIC_전체_도시철도역사정보_20260228
0547|0811,천호(풍납토성),5호선·8호선,urban_rail,37.538566,127.123539,KRIC_전체_도시철도역사정보_20260228
0747,철산,7호선,urban_rail,37.47616,126.868217,KRIC_전체_도시철도역사정보_20260228
D010,청계산입구,신분당선,urban_rail,37.44871485,127.0543396,KRIC_전체_도시철도역사정보_20260228
0537|0634,청구,5호선·6호선,urban_rail,37.560237,127.01379,KRIC_전체_도시철도역사정보_20260228
0729,청담,7호선,urban_rail,37.519097,127.051851,KRIC_전체_도시철도역사정보_20260228
A071,청라국제도시,인천국제공항선,urban_rail,37.556509,126.624725,KRIC_전체_도시철도역사정보_20260228
0229,청라언덕,대구 도시철도 2호선,urban_rail,35.865,128.58232271,KRIC_전체_도시철도역사정보_20260228
0329,청라언덕(신남),대구 도시철도 3호선,urban_rail,35.86419437,128.5823758,KRIC_전체_도시철도역사정보_20260228
1014,청량리,경원선·경의중앙선,urban_rail,37.580543,127.048077,KRIC_전체_도시철도역사정보_20260228
0124,청량리(서울시립대입구),1호선,urban_rail,37.580148,127.045063,KRIC_전체_도시철도역사정보_20260228
1867,청명,분당선,urban_rail,37.259485,127.078945,KRIC_전체_도시철도역사정보_20260228
1917,청산,경원선,urban_rail,37.995138,127.074097,KRIC_전체_도시철도역사정보_20260228
1321,청평,경춘선,urban_rail,37.735484,127.426541,KRIC_전체_도시철도역사정보_20260228
0316,체육공원,부산 도시철도 3호선,urban_rail,35.21261,128.96894,KRIC_전체_도시철도역사정보_20260228
Y115,초당,에버라인,urban_rail,37.26080647,127.1594692,KRIC_전체_도시철도역사정보_20260228
0114,초량,부산 도시철도 1호선,urban_rail,35.12111,129.04296,KRIC_전체_도시철도역사정보_20260228
1505,초월,경강선,urban_rail,37.373389,127.299996,KRIC_전체_도시철도역사정보_20260228
1758|4813,초지,안산과천선·수인선·서해선,urban_rail,37.320583,126.806151,KRIC_전체_도시철도역사정보_20260228
0432,총신대입구(이수),4호선,urban_rail,37.487521,126.982309,KRIC_전체_도시철도역사정보_20260228
0736,총신대입구(이수),7호선,urban_rail,37.485258,126.981766,KRIC_전체_도시철도역사정보_20260228
3755,춘의,도시철도 7호선,urban_rail,37.50365,126.787069,KRIC_전체_도시철도역사정보_20260228
1329,춘천,경춘선,urban_rail,37.884391,127.716603,KRIC_전체_도시철도역사정보_20260228
0405,충렬사,부산 경량도시철도 4호선,urban_rail,35.19986,129.09764,KRIC_전체_도시철도역사정보_20260228
0331|0423,충무로,3호선·4호선,urban_rail,37.561382,126.994173,KRIC_전체_도시철도역사정보_20260228
0243,충정로(경기대입구),2호선,urban_rail,37.559742,126.964455,KRIC_전체_도시철도역사정보_20260228
0531,충정로(경기대입구),5호선,urban_rail,37.560061,126.962783,KRIC_전체_도시철도역사정보_20260228
0312,칠곡경대병원,대구 도시철도 3호선,urban_rail,35.95838748,128.5598908,KRIC_전체_도시철도역사정보_20260228
0316,칠곡운암,대구 도시철도 3호선,urban_rail,35.93145534,128.5545305,KRIC_전체_도시철도역사정보_20260228
0133,칠성시장,대구 도시철도 1호선,urban_rail,35.876159,128.604885,KRIC_전체_도시철도역사정보_20260228
3133,캠퍼스타운,인천지하철 1호선,urban_rail,37.388209,126.661985,KRIC_전체_도시철도역사정보_20260228
0110,탄방,대전 도시철도 1호선,urban_rail,36.34544,127.384603,KRIC_전체_도시철도역사정보_20260228
1276,탄현,경의중앙선,urban_rail,37.694114,126.761075,KRIC_전체_도시철도역사정보_20260228
U125,탑석,의정부,urban_rail,37.73355362,127.0889064,KRIC_전체_도시철도역사정보_20260228
1404,탕정,장항선,urban_rail,36.788272,127.084446,KRIC_전체_도시철도역사정보_20260228
0645|0717,태릉입구,6호선·7호선,urban_rail,37.617319,127.074741,KRIC_전체_도시철도역사정보_20260228
0318,태전,대구 도시철도 3호선,urban_rail,35.9196172,128.547388,KRIC_전체_도시철도역사정보_20260228
1852,태평,분당선,urban_rail,37.439842,127.127746,KRIC_전체_도시철도역사정보_20260228
8023,태화강,동해선,urban_rail,35.538669,129.353269,KRIC_전체_도시철도역사정보_20260228
3134,테크노파크,인천지하철 1호선,urban_rail,37.382311,126.656355,KRIC_전체_도시철도역사정보_20260228
0109,토성,부산 도시철도 1호선,urban_rail,35.10083,129.01972,KRIC_전체_도시철도역사정보_20260228
1314,퇴계원,경춘선,urban_rail,37.648316,127.143858,KRIC_전체_도시철도역사정보_20260228
104,파라다이스시티,자기부상철도,urban_rail,37.437217,126.459858,KRIC_전체_도시철도역사정보_20260228
1283,파주,경의중앙선,urban_rail,37.815391,126.792426,KRIC_전체_도시철도역사정보_20260228
D011,판교,신분당선,urban_rail,37.39501475,127.1112107,KRIC_전체_도시철도역사정보_20260228
1501,판교,경강선,urban_rail,37.394798,127.111135,KRIC_전체_도시철도역사정보_20260228
0101,판암,대전 도시철도 1호선,urban_rail,36.316896,127.458264,KRIC_전체_도시철도역사정보_20260228
0314,팔거(국립농관원통계청),대구 도시철도 3호선,urban_rail,35.94404716,128.5583366,KRIC_전체_도시철도역사정보_20260228
0321,팔달,대구 도시철도 3호선,urban_rail,35.89777,128.5468,KRIC_전체_도시철도역사정보_20260228
0324,팔달시장,대구 도시철도 3호선,urban_rail,35.88883085,128.5678716,KRIC_전체_도시철도역사정보_20260228
1210,팔당,경의중앙선,urban_rail,37.547321,127.243896,KRIC_전체_도시철도역사정보_20260228
0008,평강,부산김해경전철,urban_rail,35.214105,128.950825,KRIC_전체_도시철도역사정보_20260228
1317,평내호평,경춘선,urban_rail,37.653229,127.244452,KRIC_전체_도시철도역사정보_20260228
119,평동,광주도시철도 1호선,urban_rail,35.1247,126.769586,KRIC_전체_도시철도역사정보_20260228
1456,평촌,안산과천선,urban_rail,37.394346,126.963881,KRIC_전체_도시철도역사정보_20260228
1724,평택,경부선,urban_rail,36.990559,127.085496,KRIC_전체_도시철도역사정보_20260228
1723,평택지제,경부선,urban_rail,37.018822,127.070269,KRIC_전체_도시철도역사정보_20260228
G107,풍무,김포도시철도,urban_rail,37.612333,126.732583,KRIC_전체_도시철도역사정보_20260228
1274,풍산,서해선·경의중앙선,urban_rail,37.672173,126.786355,KRIC_전체_도시철도역사정보_20260228
0715,하계,7호선,urban_rail,37.636363,127.067999,KRIC_전체_도시철도역사정보_20260228
0558,하남검단산,5호선,urban_rail,37.539729,127.223427,KRIC_전체_도시철도역사정보_20260228
0557,하남시청(덕풍∙신장),5호선,urban_rail,37.541723,127.206901,KRIC_전체_도시철도역사정보_20260228
0556,하남풍산,5호선,urban_rail,37.552201,127.203897,KRIC_전체_도시철도역사정보_20260228
0102,하단,부산 도시철도 1호선,urban_rail,35.10611,128.96667,KRIC_전체_도시철도역사정보_20260228
0149,하양(대구가톨릭대),대구 도시철도 1호선,urban_rail,35.9094258,128.8175403,KRIC_전체_도시철도역사정보_20260228
0731,학동,7호선,urban_rail,37.514262,127.031738,KRIC_전체_도시철도역사정보_20260228
102,학동증심사입구,광주도시철도 1호선,urban_rail,35.133023,126.928382,KRIC_전체_도시철도역사정보_20260228
0346,학여울,3호선,urban_rail,37.496787,127.0708601,KRIC_전체_도시철도역사정보_20260228
0313,학정,대구 도시철도 3호선,urban_rail,35.95155512,128.5591934,KRIC_전체_도시철도역사정보_20260228
0631,한강진,6호선,urban_rail,37.53956,127.001729,KRIC_전체_도시철도역사정보_20260228
1268,한국항공대,경의중앙선,urban_rail,37.603102,126.868291,KRIC_전체_도시철도역사정보_20260228
1010,한남,경원선,urban_rail,37.529361,127.008984,KRIC_전체_도시철도역사정보_20260228
1755,한대앞,안산과천선·수인선,urban_rail,37.309685,126.853656,KRIC_전체_도시철도역사정보_20260228
0419,한성대입구(삼선교),4호선,urban_rail,37.58838,127.005951,KRIC_전체_도시철도역사정보_20260228
4135,한성백제,수도권 도시철도 9호선,urban_rail,37.516369,127.116211,KRIC_전체_도시철도역사정보_20260228
0209,한양대,2호선,urban_rail,37.555758,127.0436594,KRIC_전체_도시철도역사정보_20260228
1024,한티,분당선,urban_rail,37.496208,127.052883,KRIC_전체_도시철도역사정보_20260228
103,합동청사,자기부상철도,urban_rail,37.440519,126.458654,KRIC_전체_도시철도역사정보_20260228
0238,합정,2호선,urban_rail,37.550025,126.914557,KRIC_전체_도시철도역사정보_20260228
0622,합정,6호선,urban_rail,37.549033,126.913546,KRIC_전체_도시철도역사정보_20260228
0139,해안,대구 도시철도 1호선,urban_rail,35.883765,128.659079,KRIC_전체_도시철도역사정보_20260228
0203,해운대,부산 도시철도 2호선,urban_rail,35.163518,129.158584,KRIC_전체_도시철도역사정보_20260228
0539,행당,5호선,urban_rail,37.557297,127.029482,KRIC_전체_도시철도역사정보_20260228
1270,행신,경의중앙선,urban_rail,37.612125,126.834063,KRIC_전체_도시철도역사정보_20260228
0126,현충로,대구 도시철도 1호선,urban_rail,35.84072,128.58085,KRIC_전체_도시철도역사정보_20260228
0118,현충원,대전 도시철도 1호선,urban_rail,36.359021,127.321525,KRIC_전체_도시철도역사정보_20260228
0420,혜화,4호선,urban_rail,37.582116,127.001929,KRIC_전체_도시철도역사정보_20260228
1882,호구포,수인선,urban_rail,37.401622,126.708682,KRIC_전체_도시철도역사정보_20260228
0239,호포,부산 도시철도 2호선,urban_rail,35.281,129.017525,KRIC_전체_도시철도역사정보_20260228
0239,홍대입구,2호선,urban_rail,37.556748,126.923643,KRIC_전체_도시철도역사정보_20260228
A03,홍대입구,인천국제공항선,urban_rail,37.55774103,126.9264939,KRIC_전체_도시철도역사정보_20260228
1264,홍대입구,경의중앙선,urban_rail,37.55758,126.926833,KRIC_전체_도시철도역사정보_20260228
0324,홍제,3호선,urban_rail,37.588851,126.944092,KRIC_전체_도시철도역사정보_20260228
S114,화계,우이신설선,urban_rail,37.63428,127.0175,KRIC_전체_도시철도역사정보_20260228
0517,화곡,5호선,urban_rail,37.541585,126.840436,KRIC_전체_도시철도역사정보_20260228
0646,화랑대(서울여대입구),6호선,urban_rail,37.619875,127.084106,KRIC_전체_도시철도역사정보_20260228
0235,화명,부산 도시철도 2호선,urban_rail,35.23585,129.01387,KRIC_전체_도시철도역사정보_20260228
1712,화서,경부선,urban_rail,37.28399,126.989581,KRIC_전체_도시철도역사정보_20260228
0116,화원,대구 도시철도 1호선,urban_rail,35.804349,128.500409,KRIC_전체_도시철도역사정보_20260228
110,화정,광주도시철도 1호선,urban_rail,35.152085,126.876698,KRIC_전체_도시철도역사정보_20260228
1952,화정,일산선,urban_rail,37.634708,126.832503,KRIC_전체_도시철도역사정보_20260228
0337,황금,대구 도시철도 3호선,urban_rail,35.83907838,128.6239185,KRIC_전체_도시철도역사정보_20260228
1015,회기,경원선·경의중앙선,urban_rail,37.589602,127.057936,KRIC_전체_도시철도역사정보_20260228
1905|U111,회룡,경원선·의정부,urban_rail,37.724037,127.047319,KRIC_전체_도시철도역사정보_20260228
0425,회현(남대문시장),4호선,urban_rail,37.558698,126.978346,KRIC_전체_도시철도역사정보_20260228
U121,효자,의정부,urban_rail,37.75398452,127.0773155,KRIC_전체_도시철도역사정보_20260228
0627,효창공원앞,6호선,urban_rail,37.539279,126.961348,KRIC_전체_도시철도역사정보_20260228
1261,효창공원앞,경의중앙선,urban_rail,37.538789,126.962339,KRIC_전체_도시철도역사정보_20260228
4119,흑석(중앙대입구),서울 도시철도 9호선,urban_rail,37.508889,126.963611,KRIC_전체_도시철도역사정보_20260228
U115,흥선,의정부,urban_rail,37.74322487,127.0371765,KRIC_전체_도시철도역사정보_20260228